-- phpMyAdmin SQL Dump
-- version 5.2.0
-- https://www.phpmyadmin.net/
--
-- Хост: 127.0.0.1:3306
-- Время создания: Авг 22 2023 г., 23:53
-- Версия сервера: 10.4.26-MariaDB
-- Версия PHP: 7.2.34

SET SQL_MODE = "NO_AUTO_VALUE_ON_ZERO";
START TRANSACTION;
SET time_zone = "+00:00";


/*!40101 SET @OLD_CHARACTER_SET_CLIENT=@@CHARACTER_SET_CLIENT */;
/*!40101 SET @OLD_CHARACTER_SET_RESULTS=@@CHARACTER_SET_RESULTS */;
/*!40101 SET @OLD_COLLATION_CONNECTION=@@COLLATION_CONNECTION */;
/*!40101 SET NAMES utf8mb4 */;

--
-- База данных: `proGameDB`
--

-- --------------------------------------------------------

--
-- Структура таблицы `comments`
--

CREATE TABLE `comments` (
  `id` int(11) NOT NULL,
  `publicationId` int(11) NOT NULL,
  `userId` int(11) NOT NULL,
  `createdOn` datetime NOT NULL,
  `text` varchar(1000) COLLATE utf8mb4_unicode_ci NOT NULL
) ENGINE=InnoDB DEFAULT CHARSET=utf8mb4 COLLATE=utf8mb4_unicode_ci;

--
-- Дамп данных таблицы `comments`
--

INSERT INTO `comments` (`id`, `publicationId`, `userId`, `createdOn`, `text`) VALUES
(30, 16, 20, '2023-08-19 00:27:03', 'mOnesy бездарь, s1mple круче'),
(50, 1, 21, '2023-08-19 03:20:56', 'очень хочется туда попасть(('),
(51, 17, 21, '2023-08-19 03:21:15', 'ахахах кс на телефон'),
(52, 18, 21, '2023-08-19 03:21:30', 'эх, у меня только 3('),
(53, 25, 21, '2023-08-19 03:21:42', 'бегу покупать'),
(54, 5, 21, '2023-08-19 16:17:48', 'у нас так было с другом ахах'),
(55, 2, 21, '2023-08-19 16:18:26', 'теперь фраза &quot;вычислю тебя по IP&quot; выглядит немного иначе))'),
(56, 16, 21, '2023-08-19 16:23:33', 'о, недавно видел его стрим'),
(57, 1, 21, '2023-08-19 16:26:46', 'надеюсь, NAVI победит'),
(63, 1, 20, '2023-08-20 02:25:19', 'привет');

-- --------------------------------------------------------

--
-- Структура таблицы `feedback`
--

CREATE TABLE `feedback` (
  `id` int(11) NOT NULL,
  `name` varchar(32) COLLATE utf8mb4_unicode_ci NOT NULL,
  `email` varchar(50) COLLATE utf8mb4_unicode_ci NOT NULL,
  `text` text COLLATE utf8mb4_unicode_ci NOT NULL
) ENGINE=InnoDB DEFAULT CHARSET=utf8mb4 COLLATE=utf8mb4_unicode_ci;

--
-- Дамп данных таблицы `feedback`
--

INSERT INTO `feedback` (`id`, `name`, `email`, `text`) VALUES
(3, 'Вилли', 'Villy@mail.ru', 'Дайте мне арбузик!!!!!'),
(6, 'Бобик', '1@mail.ru', 'Сайт топ');

-- --------------------------------------------------------

--
-- Структура таблицы `games`
--

CREATE TABLE `games` (
  `id` int(11) NOT NULL,
  `title` varchar(50) COLLATE utf8mb4_unicode_ci NOT NULL,
  `picture` varchar(32) COLLATE utf8mb4_unicode_ci NOT NULL
) ENGINE=InnoDB DEFAULT CHARSET=utf8mb4 COLLATE=utf8mb4_unicode_ci;

--
-- Дамп данных таблицы `games`
--

INSERT INTO `games` (`id`, `title`, `picture`) VALUES
(1, 'APEX', '1'),
(2, 'CS:GO', '10'),
(3, 'DOTA', '2'),
(4, 'VALORANT', '8'),
(5, 'WOT', '9'),
(6, 'RUST', '7'),
(7, 'FORTNITE', '3'),
(8, 'PUBG', '6'),
(9, 'GENSHIN', '4'),
(10, 'GTA', '5'),
(13, 'SUBNATICA', '11'),
(15, 'DAYZ', '12'),
(16, 'WARFACE', '13'),
(17, 'BRAWL STARS', '14');

-- --------------------------------------------------------

--
-- Структура таблицы `publications`
--

CREATE TABLE `publications` (
  `id` int(11) NOT NULL,
  `title` varchar(200) COLLATE utf8mb4_unicode_ci NOT NULL,
  `createdOn` date NOT NULL,
  `type` int(11) NOT NULL,
  `text` text COLLATE utf8mb4_unicode_ci NOT NULL,
  `picture` varchar(50) COLLATE utf8mb4_unicode_ci NOT NULL,
  `gameId` int(11) NOT NULL
) ENGINE=InnoDB DEFAULT CHARSET=utf8mb4 COLLATE=utf8mb4_unicode_ci;

--
-- Дамп данных таблицы `publications`
--

INSERT INTO `publications` (`id`, `title`, `createdOn`, `type`, `text`, `picture`, `gameId`) VALUES
(1, 'PGL анонсировала новую волну продажи билетов на первый мейджор по Counter-Strike 2', '2023-08-15', 1, 'Турнирный оператор PGL назвал сроки поступления в продажу новой волны билетов на первый мейджор по Counter-Strike 2. Пропуска на PGL CS2 Major Copenhagen 2024 можно будет приобрести 5 сентября в 12:00 мск.\r\n\r\nПредставители турнирного оператора не раскрыли подробностей о местах, которые будут доступны для бронирования, а также не сообщили, изменятся ли цены на билеты. В конце июня стоимость пропуска на Royal Arena на один игровой день варьировалась от $55 до $108.\r\n\r\nPGL CS2 Major Copenhagen 2024 пройдет с 17 по 31 марта 2024 года в Дании. Зрители смогут посмотреть матчи вживую начиная с этапа Champions, который состоится с 28 по 31 марта. Призовой фонд соревнования составит $1,25 млн.', 'CSMAJOR', 2),
(2, 'В CS:GO мог появиться эксплойт, позволяющий получать IP-адреса игроков', '2023-08-15', 1, 'Датамайнер Aquarius сообщил о потенциальной уязвимости в CS:GO, которая позволяет третьим лицам получать IP-адреса игроков. При этом удостовериться в существовании эксплойта датамайнеру не удалось, однако он все равно передал собранные данные сотрудникам Valve. По словам Aquarius, уязвимость дает возможность хакерам получать точные IP-адреса участников рейтинговых матчей в CS:GO. Предполагается, что эксплойт связан с GOTV и в любых других режимах он не работает.\r\n\r\nСудя по следующему заявлению датамайнера, он не нашел подтверждения этой теории и не смог определить принцип работы уязвимости самостоятельно. При этом Aquarius не исключает возможности существования эксплойта и рекомендует воспользоваться параметром cl_hideserverip 1 в файле конфигурации, а также отключить сетевые функции Steam в настройках клиента.\r\n\r\nРанее датамайнер Thour назвал возможную дату релиза Counter-Strike 2. Основываясь на информации о сезонах игры, он пришел к выводу, что новая версия шутера может выйти из бета-тестирования уже осенью.', 'CS', 2),
(3, 'Пять героев, которые больше всех выиграли от патча 7.34b — их винрейт уже заметно вырос', '2023-08-14', 1, 'В ночь на 15 августа Valve выпустила патч 7.34b для Dota 2. В обновлении разработчики сбалансировали ряд персонажей. Больше всего от изменений выиграла Vengeful Spirit. Всего за несколько часов ее винрейт в матчмейкинге увеличился более чем на 3% — с 50,07 до 53,24%. Статистика взята с сайта Dotabuff. \r\nВ патче 7.34b разработчики усилили способность Magic Missile у Vengeful Spirit, увеличив длительность оглушения на каждом уровне с 1,1/1,2/1,3/1,4 сек. до 1,4/1,5/1,6/1,7 сек. При этом в 7.34 Valve также добавила персонажу несколько бонусов. \r\n\r\nС 45,56 до 48,46% поднялся винрейт Marci после релиза 7.34b. В обновлении разработчики усилили ультимейт героя, теперь Unleash имеет на один заряд удара ярости больше на каждом уровне (с 3/4/5 до 4/5/6).\r\n\r\nНа 1,46% увеличился процент побед у Luna, которой усилили новую способность от Aghanim\'s Shard. Винрейт Lina вырос на 1,91%. В новом патче герой получил бафф к Dragon Slave и бонусы к талантам на 10-м и 15-м уровнях. \r\n\r\nПримечательно, что от релиза 7.34 также выиграл Chaos Knight — его процент побед за несколько часов вырос 52,52 до 54,66%. Однако сам герой не получал никаких изменений в обновлении. \r\n\r\nРанее стало известно, на каком герое патч 7.34b сказался наиболее негативно. Заметнее всего винрейт упал у Sand King, которому разработчики ослабили сразу две способности.  ', 'DOTA3', 3),
(4, 'В Valorant появятся реалистичные скины в стиле CS:GO', '2023-08-15', 1, 'Представители студии Riot Games анонсировали новую коллекцию скинов для оружия в Valorant под названием Black Market. Видео с представлением новых раскрасок оружия было опубликовано в официальном аккаунте шутера в твиттере. Новый бандл будет включать в себя скины на Bulldog, Vandal, Marshal, Classic и нож. Расцветки оружия будут меняться в зависимости от стороны, за которую играет пользователь. Фанаты шутера заметили сходство скинов с оружием из CS:GO — так, Classic напомнил геймерам Glock-18, а Bulldog стал выглядеть как FAMAS. Бандл появится в игре 12 апреля с выходом патча 6.07. Ранее Riot Games выпустила шуточный ролик в честь Дня смеха, в котором представила новый режим в Valorant. В нем пользователям показали, как персонаж Cypher мстит другим героям за свои постоянные смерти и издевки с их стороны.', 'VALORANT', 4),
(5, 'Новый баг в PUBG — игроки погибают сразу после высадки на карту', '2023-08-15', 1, 'Разработчики PUBG: BATTLEGROUNDS уже занимаются устранением бага, из-за которого некоторые пользователи погибают сразу после высадки из самолета. Информация об этом появилась в официальном твиттере службы поддержки PUBG. Ранее PUBG Studios выпустили новый эпизод еженедельной рубрики #МоментыPUBG – шоу, в котором разработчики показывают самые интересные моменты из присланных видеороликов от стримеров, профессиональных игроков и просто фанатов PUBG: BATTLEGROUNDS.', 'PUBG', 8),
(6, 'Патч 7.34b ударил по Sand King — его винрейт за несколько часов сократился уже на 4%', '2023-08-15', 1, 'После релиза 7.34 Sand King поднялся на первое место в списке персонажей с самым высоким винрейтом. Однако в патче 7.34b разработчики ослабили героя, сократив урон от Burrowstrike и бонусы от Aghanim\'s Shard, а также снизив скорость передвижения Sandstorm. \r\n\r\nПомимо Sand King, гораздо чаще стал проигрывать и Lycan. За несколько часов процент побед героя упал с 50,01 до 45,7%. При этом Lycan не получал изменений в обновлении. \r\n\r\nПатч 7.34b вышел в ночь на 15 августа. В нем разработчики сбалансировали ряд персонажей, изменили принцип сборки Spirit Vessel, а также исправили некоторые баги. Подробнее ознакомиться с обновлением можно в нашем материале.', 'DOTA3', 3),
(7, 'ОБНОВЛЕНИЕ «КОРОЛЕВСКОЙ БИТВЫ» FORTNITE 25.20: ВСТРЕЧАЙТЕ ЭКИПИРОВКИ БЕНДЕРА, ФРАЯ И ЛИЛЫ!', '2023-08-15', 1, 'Пусть древний центр острова не помешает заглянуть в будущее: из Нового Нью-Йорка прибыли Бендер, Фрай и Лила! Эти три экипировки доступны в магазине предметов, а в матче можно найти блестящую лазерную пушку Бендера.\r\n\r\nЭКИПИРОВКИ БЕНДЕРА, ФРАЯ И ЛИЛЫ\r\nВ магазине предметов уже появились три новые экипировки и сопутствующие аксессуары:\r\n\r\nЭКИПИРОВКА И АКСЕССУАРЫ БЕНДЕРА СГИБАЛЬЩИКА РОДРИГЕСА\r\nFortnite Bender Bending Rodríguez Outfit\r\n\r\nЭкипировка Бендера Сгибальщика Родригеса включает альтернативный стиль «Бендер из Вселенной-1» и украшение на спину «Бен Родригес». Кирка «Несгибаемый прут» также доступна в магазине предметов!\r\n\r\nЭКИПИРОВКА И АКСЕССУАРЫ ФИЛИППА ДЖЕЯ ФРАЯ\r\nFortnite Philip J. Fry Outfit\r\n\r\nЭта экипировка включает альтернативный стиль «Фрай из Вселенной-1» и украшение на спину «Гипножаба». А ещё в магазине предметов появилась кирка «Гигантские щипцы для орехов».\r\n\r\n\r\nЭКИПИРОВКА И АКСЕССУАРЫ ТУРАНГИ ЛИЛЫ\r\nFortnite Turanga Leela Outfit\r\n\r\nЭкипировка Туранги Лилы включает альтернативный стиль «Лила из Вселенной-1» и украшение на спину «Зубастик». Кирка «Скрипка из чистого золота» также доступна в магазине предметов.\r\n\r\n\r\nДЕЛЬТАПЛАН «КОРАБЛЬ „МЕЖПЛАНЕТНОГО ЭКСПРЕССА“» И ЭМОЦИЯ «ПОХОДКА ЗОЙДБЕРГА»\r\nFortnite Planet Express Ship Glider and Zoidberg Scuttle Emote\r\n\r\nК этим экипировкам подойдут и другие аксессуары! Ищите в магазине предметов дельтаплан «Корабль „Межпланетного экспресса“» и эмоцию «Походка Зойдберга». \r\n\r\n\r\nБЛЕСТЯЩАЯ ЛАЗЕРНАЯ ПУШКА БЕНДЕРА\r\nБлестящая лазерная пушка Бендера будет доступна на острове до выхода обновления 25.30. Её можно найти на земле или купить у Бендера, если вам хватит слитков. Это оружие стреляет нескончаемыми плазменными снарядами. Но будьте осторожны! Пушка может перегреться, если стрелять слишком долго!\r\n\r\nFortnite Bender’s Shiny Metal Raygun\r\n \r\nДРУГИЕ НОВОВВЕДЕНИЯ ВЕРСИИ 25.20: ПИСТОЛЕТ «МАМОНТ»\r\nНовый пистолет «Мамонт» огромен, словно доисторический зверь. Это мощное оружие непременно пригодится в Диких землях. Этот крупнокалиберный однозарядный пистолет использует патроны крупного калибра, а значит, успешно поразив цель, вы нанесёте ей огромный урон!\r\n\r\nПистолет «Мамонт» в Fortnite\r\n\r\nПистолеты «Мамонт» встречаются не только в Диких землях, но и в остальных частях острова. Их можно найти на земле, в сундуках и голосундуках, а также получить, сбивая летающие дроны.\r\n\r\nУЛУЧШИТЕ СВОИ ПИСТОЛЕТЫ\r\nПомимо пистолета «Мамонт» в обновлении 25.20 появилось улучшение реальности «Пистолет-экономика»! Активируйте это новое улучшение реальности, и вы с некоторой вероятностью не будете тратить патроны при стрельбе из пистолета. ', 'FORTNITE', 7),
(8, 'Разработчики Rust решили не проводить встречу с игроками — им угрожают расправой', '2023-08-15', 1, 'Студия Facepunch, ответственная за разработку отца всех современных игр про выживание Rust, отменила запланированный ранее ивент в рамках грядущей конференции GDC в Сан-Франциско, на котором хотела вживую встретиться с фанатами игры. А все дело в том, что команда стала получать угрозы расправы. \r\n\r\nПродюсер Rust Алистер Макфарлейн рассказал следующее: \r\n\r\n“Сотрудники сообщества ежедневно сталкиваются с угрозами, как правило, от игроков, которые набрасываются в социальных сетях на изменения, которые им не нравятся”.\r\nТакже масла в огонь подливают авторы читов и их клиентура, которая попадает под блокировку.  Некоторым работникам студии, а также членам их семей даже приходилось менять личные данные. \r\n\r\nНо на самой конференции Facepunch Studios появится.  ', 'RUST', 6),
(9, 'Сколько примогемов в Genshin Impact можно получить за патч 4.0', '2023-08-15', 1, 'Августовское обновление откроет регион Фонтейн, с релизом которого в игру начнут добавлять новых персонажей. Чтобы вовремя накопить на полюбившегося героя, важно знать, сколько примогемов можно получить за патч 4.0 в Genshin Impact. С выходом версии 16 августа будут добавлены новые задания, области с сундуками и загадками на карте и различные события, что позволит нафармить много камней истока разом, просто исследуя королевство.\r\n\r\nВ баннеры версии добавят новых героев Лини, Линетт и Фремине, а также пройдут рераны Е Лань, Чжун Ли и Тартальи. Доступны будут и сигнатурные оружия персонажей, включая лук иллюзиониста Первый великий фокус. В таблице ниже подсчитали количество примогемов и молитв, которое игроки смогут получить в патче 4.0 как с донатом, так и без него, чтобы упросить расчет камней истока на любимых героев.\r\n\r\nУказанное в таблице количество камней истока является приблизительным, так как не обо всех планах разработчиков известно заранее. Данные будут обновлены после официальных анонсов и релиза версии.', 'GENSHIN', 9),
(10, 'Главные новости со стрима разработчиков по Genshin Impact 4.0', '2023-08-15', 1, 'Специальная трансляция, посвященная обновлению 4.0 «Словно легкий дождь без причины» в Genshin Impact, прошла 4 августа. На стриме разработчиков показали новый регион Фонтейн, анонсировали персонажей в баннерах августовского патча и новые механики, продемонстрировали Лини, Линнет и Фремине и рассказали про события и полезные нововведения в версии, которая выйдет 16 августа 2023 года.\r\n\r\nМолитвы первого фонтейнского обновления оказались верно предсказаны инсайдерами и были подтверждены официальным анонсом.\r\n\r\nВ первой фазе версии в ивентовых баннерах появятся Лини и Е Лань, Пиро и Гидро лучники. Новый герой с талантом к показу местных диковинок впервые станет доступен игрокам, а полюбившаяся многим девушка вернется всего через полгода после прошлого рерана. С ними будет доступна новая 4* Линетт, Анемо мечница.\r\n\r\nВо второй половине, которая начнется примерно 5 сентября, баннеры займут рераны Чжун Ли и Тартальи. Гео Архонт снова ознаменует своим появлением первый патч нового региона, а Гидро лучник отметит свое четвертое возвращение. В данных баннерах также займет свое место новый 4* Фремине, Крио двуручник.\r\n\r\nВ оружейном Воплощении божества стоит ожидать сигнатурные оружия героев: новый лук Первый великий фокус для Лини, лук Аква симулякрум для Е Лань, копье Покоритель вихря для Чжун Ли и лук Полярная звезда для Тартальи.\r\n\r\nНе оставят без нового снаряжения и других персонажей Фонтейна. В обновлении 4.0 появится линейка крафтового оружия из Гидро региона. Получите чертежи на снаряжение, запаситесь заготовками центральных земель и направляйтесь к кузнецу. Также в версии доступен одноручный меч в виде трубы за рыбалку в регионе.\r\n\r\nПомимо этого, расширят выбор оружия за покупку Боевого пропуска: после релиза версии 4.0 станет доступно пять новых платных снаряжений. Старое оружие останется в наличии.\r\n\r\nДобавят два новых сета артефактов: Охота на тень (увеличение урона обычной атаки) и Золотая труппа (увеличение урона элементального навыка).\r\n\r\nРазработчики поделились информацией о дороге в Фонтейн. Попасть в регион можно по ходу прохождения сюжетного квеста, но чтобы облегчить доступ в королевство новым Путешественникам, после завершения 3 главы Пролога «Песнь о драконьей свободе» на карте откроется телепорт, который позволит попасть на границу с Сумеру.', 'GENSHIN2', 9),
(11, 'GTA 6 может заработать 1 млрд долларов за первую неделю после релиза', '2023-08-15', 1, 'Ожидается, что GTA 6 побьет все рекорды продаж после своего выхода.\r\n\r\nTake-Two Interactive недавно прогнозировала резкий скачок доходов в течение следующего финансового года, который колеблется в период с апреля 2024 по март 2025 года. \r\n\r\nАналитики прогнозируют, что GTA 6 заработает миллиард долларов за первую неделю после выпуска, 25 миллионов копий будут проданы за неделю. \r\n\r\nGTA 5, вышедшая в 2013 году, продалась на миллиард долларов за 3 дня после релиза.\r\n\r\nРанее руководитель Take-Two объяснил, почему игры серии GTA выходят так редко.', 'GTA', 10),
(12, 'GTA 6 находится в разработке уже минимум восемь лет', '2023-08-15', 1, 'Rockstar Games начала разработку GTA 6 минимум восемь лет назад.\r\n\r\nОб этом стало известно из профиля бывшего видеоредактора Rockstar Джона Янга на Linkedin. Янг работал на должности с 2015 по 2018 год. В этот период он занимался шестой частью серии.\r\n\r\nДжейсон Шрайер ранее сообщал, что Rockstar начала работать над GTA 6 в 2014 году. \r\n\r\nПервый трейлер GTA 6 выйдет в ноябре.', 'GTA1', 10),
(13, 'Невероятные предложения ко дню рождения World of Tanks', '2023-08-15', 1, 'С днём рождения World of Tanks, бойцы!\r\n\r\nВашей любимой командной онлайн-игре исполняется 13 лет, и вы все приглашены на вечеринку! Вам будут доступны эксклюзивные предложения в Премиум и внутриигровом магазине и многое другое! Время начинать вечеринку!\r\n\r\nВстречайте почётного гостя: совершенно новый британский средний премиум танк VIII уровня! GSOR 1010 FB — первый представитель долгожданной линейки новых колёсных машин. Он предлагает комфортное орудие, отличную мобильность и новую механику колёсной ходовой.\r\n\r\nПополните свою коллекцию этой французско-британской машиной поддержки для игры на второй линии и врывайтесь на поля сражений! Вас ждёт невероятный гибрид колёсного разведчика с максимальной скоростью в 60 км/ч и классического универсального среднего танка, наносящего целых 360 ед. урона за выстрел.', 'WOT', 5),
(14, 'Россияне ставят единицы Brawl Stars в Google Play из-за ухода с рынка', '2023-08-15', 1, 'Игроки из России и Беларуси устроили ревью-бомбинг Brawl Stars.\r\n\r\nЛюбители Brawl Stars массово занизили оценку игры в Google Play из-за ухода разработчиков из России и Беларуси.\r\n\r\nВ отзывах геймеры ставят единицы и всячески критикуют авторов игры за такое решение.\r\n\r\nОни также сообщают, что проект давно превратился в донатный, а последней каплей стала политика компании.\r\n\r\nНа данный момент Brawl Stars имеет 22,6 млн отзывов, из которых 6,2 млн – отрицательные.\r\n\r\nРанее Brawl Stars заблокировали в России, Беларуси, Иране, Северной Корее, во Вьетнаме и на Кубе.', 'BRAWL', 17),
(15, 'Ведущий художник Unknown Worlds обещает \"кучу потрясающих штук\" в продолжении Subnautica', '2023-08-15', 1, 'Лиам Тарт, ведущий художник студии Unknown Worlds, опубликовал сообщение в твиттере. В нем он показал свои работы восьмилетней давности и удивился тому, как быстро летит время — а также напомнил, что следующая часть франшизы Subnautica находится в разработке:\r\nЯ работал над первыми тремя сценами 8 лет назад... Вот это да. Сцена в Шире была сделана 2 года назад! Время летит... И это пугает.\r\n\r\nВ ближайшее время мне нужно будет поработать над кое-чем новым. У нас будет куча всяких штук в следующей части Subnautica. Не могу сказать когда вы ее увидите, но это будет потрясающе.\r\n\r\nО работе над продолжением Subnautica стало известно год назад, в апреле 2022-го. Тогда студия сообщила, что ищет старшего нарративного дизайнера, который будет работать с командой для создания увлекательных и драматических историй.\r\n\r\nУ новой части Subnautica нет даже названия.', 'SUB', 13),
(16, 'В России есть лишь один факультет киберспорта и его студент занял первое место по CS:GO на мировом турнире', '2023-08-15', 2, 'Студент единственного в России факультета киберспорта, Илья Осипов, выступающий под игровым ником m0NESY, стал победителем мирового турнира IEM Cologne 2023 по дисциплине CS:GO.\r\nВ России есть лишь один факультет киберспорта и его студент занял первое место по CS:GO на мировом турнире\r\n\r\nЕго команда G2 одержала победу над командой Ence со счётом 3:1, завоевав титул чемпионов. За свои выдающиеся игровые достижения Осипов был признан наиболее ценным игроком турнира.\r\n\r\nИлья Осипов учится в университете «Синергия», который имеет единственный в России факультет киберспорта. Его команда G2 выиграла турнир с призовым фондом в $1 млн, из которых победителю досталось $400 тыс. Всего в соревнованиях участвовали 16 команд.\r\n\r\nТурнир Intel Extreme Masters (IEM) считается одним из самых престижных международных киберспортивных соревнований по дисциплине CS:GO.\r\n\r\nЭтот успех Осипова подтверждает, что Россия может выдвигать талантливых игроков на мировую арену, даже имея всего один специализированный факультет по киберспорту.', 'CS2', 2),
(17, 'Как поставить на смартфон полноценный Counter-Strike: Global Offensive', '2023-08-15', 2, 'Ведущий канала AndroidSetup Дмитрий поделился методом установки на смартфон игры Counter-Strike: Global Offensive. Причём полноценной версии этого проекта.\r\n\r\nСначала нужно зайти на канал в Telegram под названием ANDROIDSETUP. Далее нужно найти там файл CSGOMobile.apk и скачать его. После этого необходимо скопировать сообщение с множеством разных цифр, перейти в папку на смартфоне, где сохранилась игра, и установить загруженный файл.\r\n\r\nПосле установки игру нужно запустить. Но сразу это сделать не получится. Для этого нужно во всплывающую строку вставить то, что было скопировано из Telegram-канала (один из номеров).\r\n\r\nВ «Настройках» игры далее следует поменять язык (Language) на английский (English). Помимо этого, нужно отключить гироскоп и выбрать нужный свободный сервер для прохождения игры. Правда, ждать свободного сервера придётся долго.\r\n\r\nПосле выполнения всех этих действий вы можете наслаждаться Counter-Strike: Global Offensive на вашем смартфоне.', 'CS4', 2),
(18, 'Все Арканы в Dota 2 и как их получить', '2023-08-15', 2, 'Аркана — наивысшая редкость экипировки в Dota 2. Обычно такие косметические предметы сильно меняют героя, например, модифицируя его модель. Все Арканы в Доте, когда они вышли и как их можно было получить — в нашем материале.\r\n\r\nАркана Phantom Advent для Spectre Spectre\r\n\r\n\r\nДата выпуска: 24 июня 2021 года.\r\nДоступность: Награда за достижение 330 уровня в Боевом пропуске Враждостояния 2021.\r\nОсобенности: Изменяет иконки и анимацию предметов Radiance Radiance и Blade Mail Blade Mail. Второй стиль Phantom Ascension красного цвета открывается после 100 матчей с мега-убийствами.\r\nАркана Compass of the Rising Gale для Windranger Windranger\r\n\r\n\r\nДата выпуска: 4 сентября 2020 года.\r\nДоступность: Награда за достижение 575 уровня в Боевом пропуске The International 10.\r\nОсобенности: Особый эффект срабатывания Javelin Javelin и Monkey King Bar Monkey King Bar. Второй стиль Reflections of the Gale в желтых тонах открывается после нанесения 2 500 000 урона целям, убитым с помощью Focus Fire Focus Fire.\r\nАркана The Eminence of Ristul для Queen of Pain Queen of Pain\r\n\r\n\r\nДата выпуска: 11 июня 2020 года.\r\nДоступность: Награда за достижение 445 уровня в Боевом пропуске The International 10.\r\nОсобенности: Атакует хлыстом, если цель близко. Синий стиль Royal Decree открывается после попадания способностью Sonic Wave Sonic Wave по вражеским героям 1000 раз.\r\nАркана The One True King для Wraith King Wraith King\r\n\r\n\r\nДата выпуска: 25 мая 2020 года.\r\nДоступность: Награда за достижение 375 уровня в Боевом пропуске The International 10.\r\nОсобенности: Отсылка к оригинальной версии героя — Skeleton King. Кровавый стиль Malignant Rule открывается после убийства 100 разных героев в победных играх (в зачет пока что не идут новые герои Hoodwink Hoodwink, Dawnbreaker Dawnbreaker и Marci Marci).\r\nАркана Flockheart\'s Gamble для Ogre Magi Ogre Magi\r\n\r\n\r\nДата выпуска: 18 декабря 2019 года.\r\nДоступность: Покупка.\r\nОсобенности: Герой использует ездовое животное. Второй стиль в фиолетовых тонах Resplendent Firelark открывается после получения 500 очков самоцвета, которые зарабатываются при срабатывании Multicast Multicast десять раз подряд и более.\r\nАркана Planetfall для Earthshaker Earthshaker\r\n\r\n\r\nДата выпуска: 24 мая 2019 года.\r\nДоступность: Награда за достижение 365 уровня в Боевом пропуске The International 2019.\r\nОсобенности: Уникальные иконка предмета и анимация использования для Blink Dagger Blink Dagger. Огненный стиль Burning Descent открывается после участии в убийстве 500 героев при помощи Echo Slam Echo Slam.\r\nАркана The Magus Cypher для Rubick Rubick\r\n\r\n\r\nДата выпуска: 19 декабря 2018 года.\r\nДоступность: Покупка.\r\nОсобенности: Победы открывают уникальные зеленые анимации для большинства способностей Dota 2. Особенно красиво выглядят кубические версии украденных Chaos Meteor Chaos Meteor, Rolling Thunder Rolling Thunder и Chronosphere Chronosphere.\r\nFeast of Abscession для Pudge Pudge\r\n\r\n\r\nДата выпуска: 3 апреля 2018 года.\r\nДоступность: Покупка.\r\nОсобенности: При использовании Dismember Dismember из жертвы будут лететь разные ошметки в зависимости от того, из чего она состоит. Дополнительный зеленый стиль Grand Abscession — отсылка к Rubick Rubick, которого Pudge Pudge победил в финале голосования за Аркану — открывается после 12 побед против этого героя.\r\nАркана Benevolent Companion для Io Io\r\n\r\n\r\nДата выпуска: 18 мая 2017 года.\r\nДоступность: Награда за достижение 245 уровня в Боевом пропуске The International 2017.\r\nОсобенности: Отсылка к Утяжеленному Кубу-Компаньону из Portal 2. Анимация Relocate Relocate создает порталы, как в игре от Valve, в начальной и конечной точках.\r\nBladeform Legacy для Juggernaut Juggernaut\r\n\r\n\r\nДата выпуска: 15 марта 2017 года.\r\nДоступность: Покупка.\r\nОсобенности: Второй стиль был добавлен после критики сообществом цветовой гаммы предмета, он открывается после 10 убийств с помощью Omnislash Omnislash. При срабатывании Blade Dance Blade Dance над целью кружит дракончик.\r\nАркана Great Sage\'s Reckoning для Monkey King Monkey King\r\n\r\n\r\nДата выпуска: 12 декабря 2016 года.\r\nДоступность: Покупка.\r\nОсобенности: Меняет стиль при прокачке Wukong\'s Command Wukong\'s Command. Когда скорость передвижения героя превышает 400, он может запрыгнуть на облако и лететь на нем.\r\nАркана Tempest Helm of the Thundergod для Zeus Zeus\r\n\r\n\r\nДата выпуска: 12 февраля 2015 года.\r\nДоступность: Покупка.\r\nОсобенности: Парит на облаке. Руки и броня оголяют торс героя, их можно использовать отдельно от шлема, меняющего модель.\r\nАркана Frost Avalanche для Crystal Maiden Crystal Maiden\r\n\r\n\r\nДата выпуска: 12 февраля 2015 года.\r\nДоступность: Покупка.\r\nОсобенность: Идет в комплекте с питомцем — волчонком Aurora. Черно-белый стиль волчонка открывается после уничтожения 50 вражеских вардов.\r\nАркана Manifold Paradox для Phantom Assassin Phantom Assassin\r\n\r\n\r\nДата выпуска: 20 ноября 2014 года.\r\nДоступность: Покупка.\r\nОсобенности: Оставляет надгробие с клинком в месте убийства противника. Дополнительные два стиля оружия открываются после 40 и 100 побед на герое соответственно.\r\nАркана Demon Eater для Shadow Fiend Shadow Fiend\r\n\r\n\r\nДата выпуска: 25 сентября 2014 года.\r\nДоступность: Покупка.\r\nОсобенности: Особый эффект попадания тремя Shadowraze Shadowraze. Когда Shadow Fiend Shadow Fiend находится на воде, вокруг него идет пар.\r\nАркана Swine of the Sunken Galley для Techies Techies\r\n\r\n\r\nДата выпуска: 4 сентября 2014 года.\r\nДоступность: Покупка.\r\nОсобенности: Можно менять цвет с помощью призматического самоцвета. Одна из функций Арканы — насмешка над миникартой при наступлении на мину — была удалена.\r\nАркана Fractal Horns of Inner Abysm для Terrorblade Terrorblade\r\n\r\n\r\nДата выпуска: 6 февраля 2014 года.\r\nДоступность: Покупка.\r\nОсобенности: Можно менять цвет с помощью призматического самоцвета. У предмета красивая анимация смерти и эпичные звуковые эффекты смерти, возрождения и выкупа.\r\nАркана Blades of Voth Domosh для Legion Commander Legion Commander\r\n\r\n\r\nДата выпуска: 12 декабря 2013 года.\r\nДоступность: Покупка.\r\nОсобенности: Вместо двуручного оружия — два одноручных. У предмета яркая анимация Duel Duel и самоцвет со счетчиком побед в дуэлях.\r\nАркана Fiery Soul of the Slayer для Lina Lina\r\n\r\n\r\nДата выпуска: 7 марта 2013 года.\r\nДоступность: Покупка.\r\nОсобенности: Первая Аркана в Dota 2. Именно такой изначально задумывалась Lina Lina в альфа-концепте игры.\r\nВсе Арканы, что доступны для покупки, можно приобрести в магазине Dota 2 или на Торговой площадке. Также они могут выпасть после игры, но вероятность получения предмета такой редкости крайне мала. В то же время награды Боевых пропусков, срок действия которых истек, уже нельзя получить. Разработчики не исключают, что некоторые из старых непередаваемых Аркан можно будет получить в будущем альтернативным способом.', 'DOTA4', 3),
(19, '', '2023-08-15', 3, '', 'mem1', 2),
(20, '', '2023-08-17', 3, '', 'mem2', 3),
(21, '', '2023-08-15', 3, '', 'mem3', 2),
(22, '', '2023-08-15', 4, '', 'cosplayfeed1', 3),
(23, '', '2023-08-15', 4, '', 'cosplayfeed2', 1),
(24, '', '2023-08-15', 4, '', 'cosplayfeed3', 4),
(25, 'Подписка Dota 2', '2023-08-15', 2, 'Dota 2 — бесплатная игра, но в марте 2018 года разработчики ввели платную подписку, которую можно приобрести по желанию. Она называется Dota Plus. Самое важное о ней — в нашем материале.\r\n\r\nПодписку можно оформить прямо в клиенте или купить в магазине Dota 2. Также ее можно получить в подарок от друга. На момент написания статьи два месяца Дота Плюс Valve предоставляет бесплатно новым игрокам.\r\n\r\nПлатная подписка в Dota 2 полезна для новичков. Там есть помощник по выбору героев и предметов, отводам, стакам, вардингу, а также сводка по урону и смерти. Более опытных пользователей привлекают как различные косметические предметы, уровни героев и реликвии, отслеживающие статистику, так и возможность еженедельно соревноваться в Боевом Кубке без приобретения билета.\r\n\r\nМногие игроки оформляли подписку для пробы или просто чтобы убрать назойливые предложения в Dota 2. Кто-то продолжил ей пользоваться на постоянной основе, а кто-то решил отказаться от нее. Но при первой покупке Дота Плюс зачастую устанавливается дата автоматического продления, и если подписку не отменить, то платеж автоматически спишется с кошелька Steam или с карты.\r\n\r\nЧтобы отключить ее, нужно зайти на страницу подписок в аккаунте Steam. Затем найти в списке нужную и нажать «Редактировать»:\r\n\r\nВ открывшемся окне нужно выбрать «Отменить» и нажать кнопку «Применить»:\r\n\r\nЕсли вы забыли сделать это вовремя, и деньги уже списались, обратитесь в поддержку с просьбой о возврате, не запуская игру. Есть шанс, что деньги вернут, если продукт не был использован. Известны случаи, когда средства возвращались, но функционал оставался доступным на оплаченный ранее период.', 'DOTA', 3),
(26, 'Разрабы Valorant потребовали остановить работу приложения для быстрого выбора персонажа', '2023-08-15', 2, 'Valorant предлагает приложение под названием Recon Bolt, которое собирает полезную информацию и статистические данные, а также позволяет игрокам выбирать желаемого персонажа быстрее, чем другие в матче.\r\n\r\nОднако Riot Games, студия, стоящая за Valorant, была крайне недовольна этим и потребовала от разработчика Recon Bolt удалить приложение до 27 июля, пригрозив судебным иском в случае невыполнения требований. Этой информацией поделился сам создатель приложения.\r\n\r\nВ недавнем посте разработчик заявил, что решил остановить работу приложения сегодня, 20 июля. Он выразил разочарование ситуацией и тем, что Riot Games не желает вступать в диалог для поиска компромисса.', 'VALORANT', 4),
(27, 'Дата выхода Valorant Fade, способности, игровой процесс и многое другое', '2023-08-15', 2, 'После нескольких недель утечек и тизеров Riot Games наконец-то представили следующего агента, который присоединится к списку Valorant — Fade. Последний агент Valorant прибывает из Турции, и она специализируется на разведке. Она будет официально и полностью раскрыта во время Гранд Финала Masters Reykjavík. Тем не менее, у нас уже есть много информации о ней. Читайте дальше, чтобы узнать о дате выпуска нового агента Valorant Fade, способностях и многом другом.\r\n\r\nДата выхода Valorant New Agent Fade\r\n20-й агент Valorant, Fade, появится в игре вместе с Valorant Episode 4 Act 3. Учитывая, что выпуск Эпизода 4, Акта 3, запланирован на 26 апреля 2022 года, именно тогда у вас также будет возможность сыграть за нее. Тем не менее, мы сможем узнать о ней больше на пару дней раньше. Как мы уже упоминали, ее официальное раскрытие состоится во время Гранд Финала Masters Reykjavík. Гранд-финал запланирован на воскресенье, 24 апреля. Точное время зависит от других матчей перед финалом.\r\n\r\nСпособности Valorant Agent Fade\r\n(Q) — выстрелить сферой, которая летит по воздуху максимум 1,5 с, после чего падает на землю. Через 0,5 с после удара о землю сфера расширится до радиуса 7 м, и враги, попавшие под ее действие, будут привязаны к центру. Пораженные враги получат 75 единиц урона, будут оглушены и не смогут убежать в течение 5 секунд.\r\n(E) — выстрелите сферой, которая будет оставаться в воздухе не более 1,5 с, после чего падает на землю. При падении он снова быстро поднимется и станет глазом, который можно уничтожить. Когда Око увидит противника, оно пометит его дебаффом След. Дебафф След показывает врага и помечает его на 12 секунд.\r\n(C) — отправьте существо, которое может либо следовать по следам противника (от E), либо управляться с помощью удерживания огня и перемещения мыши. При достижении врага через 0,5 секунды времени приготовления он становится близоруким на 3 секунды. Вы можете иметь только 1 существо на тропу.\r\n(X) — послать волну темного тумана. Если туман соединяется с врагом, он становится оглушенным, преследуемым и разлагающимся на 12 секунд.', 'VALORANT2', 4),
(28, 'Гайд: Как поделиться патронами и медикаментами в PUBG: Battlegrounds на ПК', '2023-08-15', 2, 'С переходом PUBG: Battlegrounds на рельсы системы free-to-play проект наводнило огромное количество новичков. При этом, хоть в игре и есть довольно подробный туториал, без совета более опытного товарища в «Дискорде» порой очень сложно разобраться с важными элементами игровой механики. И один из таких элементов — передача боеприпасов, оружия и медикаментов другу. Рассказываем, как это сделать.\r\n\r\nКак попросить у друга патроны и аптечку в PUBG: Battlegrounds на ПК\r\nЕсли вы играете в команде, то порой появляется необходимость координировать свои действия, что может быть проблемой, когда у вас нет голосового чата. Особенно это критично, если у вас закончились патроны или нечем подлечиться.\r\n\r\nВ таком случае пригодится колесо взаимодействия, которое вызывается нажатием на колёсико мыши.\r\nКак поделиться боеприпасами, оружием и медикаментами в PUBG: Battlegrounds на ПК\r\nЗдесь всё довольно просто. Все предметы передаются по одному принципу:\r\n\r\nЗайдите в инвентарь ( [Tab] ).\r\nВыберите нужный предмет. Если вы хотите передать всё имеющееся количество этих предметов (например, патронов), просто переместите иконку предмета в поле «Окрестности», которое находится в левом краю экрана. Если же вы хотите поделиться, к примеру, половиной выделенных предметов, переносите их, зажав [Ctrl].\r\nГайд: Как поделиться патронами и медикаментами в PUBG: Battlegrounds на ПК - фото 2\r\nТеперь, если вы решили поделиться каким-то определённым количеством, введите значение. По умолчанию игра предлагает отдать половину.\r\nГайд: Как поделиться патронами и медикаментами в PUBG: Battlegrounds на ПК - фото 3\r\nПредмет будет лежать прямо у вас под ногами. Второму игроку нужно только подойти и забрать его.', 'PUBG', 8),
(29, 'Гайд: Как играть с ботами в PUBG\r\n\r\n\r\n', '2023-08-15', 2, 'Если вы хотите потренироваться играть в любую из версий PUBG без напряга, то самый простой способ сделать это — зайти в лобби с ботами. Искусственный интеллект, имитирующий живых и довольно глупых противников, в игре нужен для того, чтобы упростить начинающим обучение.\r\n\r\nПопасть в матч с ботами можно разными способами в зависимости от платформы. Рассказываем обо всех и сразу.\r\n\r\nЗапустите режим тренировки с ИИ\r\nЭта опция доступна только тем, кто играет в полновесную версию игры PUBG: Battlegrounds — на ПК или консолях.\r\n\r\nВыберите вкладку «Тренировка» на главном экране.\r\nВыберите режим игры (для перехода в соответствующее меню нажмите на кнопку , которая располагается над кнопкой «Начать» ).\r\nВыберите режим «Тренировочный матч с ИИ» и нажмите «Сохранить». Поиграть в таком режиме можно всего 10 раз.\r\nЗапустите игру.\r\nПереключитесь на другой регион\r\nОстальные способы более актуальны для портативных версий игры. Чтобы войти в лобби с ботами на мобильных устройствах, вам надо заставить игру подумать, что вы новичок.\r\n\r\nПригодиться этот лайфхак может не только для тренировок, но и в случаях, когда у вас возникли сложности с прохождением квестов. Убийства и все прочие действия, которые вы совершите в матче с ботами, засчитаются.\r\n\r\nТак, если вы перейдёте на другой сервер, то игра автоматически перекинет вас в самый низ внутренней ранговой таблицы. После этого вы получите возможность сыграть около 5 матчей с ботами.\r\n\r\nВ PUBG: Battlegrounds поменять регион не получится — он привязан к вашему аккаунту (в зависимости от платформы), а как поменять регион в PUBG Mobile , мы уже рассказывали в отдельном руководстве.\r\n\r\nКак поменять регион в PUBG: New State\r\n\r\nЗайдите в настройки. Для этого нажмите на значок в виде трёх точек в верхнем левом углу экрана и выберите соответствующий пункт.\r\n\r\nВ нижней части открывшегося меню будет строка «Соединение» , посвящённая серверу. Нажмите «Изменить» , чтобы поменять регион. Это бесплатно и никаких ограничений по времени не предусмотрено.', 'PUBG2', 8),
(30, 'Бесплатные коды для игры «Мир танков» в июле 2023 года', '2023-08-15', 2, 'Когда денег нет — выручают они.\r\n«Мир танков» хоть и бесплатная, но без доната в игре живётся сложно. Для быстрой и комфортной прокачки нужен как минимум премиум аккаунт за деньги. Впрочем, для получения определённых бонусов не всегда нужно доставать кошелёк. Для этого существуют бонус-коды, которые раздают по большим праздникам или определённым событиям.\r\n\r\nБонус-коды для «Мира танков» (в июле 2023 года)\r\nJULY3BY — бонус-код для «Мира танков» в честь Дня независимости Республики Беларусь. Доступен начиная с 29 июня 2023 года. Будет действовать до 31 декабря. Вводится только один раз на аккаунт и только для RUBY-региона. Что даёт:\r\n\r\n2D-стиль «Белорусский государственный флаг»;\r\n3 дня танкового премиум аккаунта;\r\n5 личных боевых задач на x5;\r\n6 декалей: «Минск»;\r\n6 эмблем: «Флаг Беларуси».\r\nMTJUNEVKPLAY — бонус-код для «Мира танков», ограниченный по времени. Вводится только один раз на аккаунт и только для RUBY-региона. Что даёт:\r\n\r\n1 день танкового премиум аккаунта.\r\nEASYSTART — бонус-код для «Мира танков», ограниченный по времени. Вводится только один раз на аккаунт и только для RUBY-региона. Что даёт:\r\n\r\n1 шт. «большой ремкомплект» — для активных игроков;\r\nпремиумный танк 4-го уровня Matilda LVT — для новых игроков;\r\n100-процентный экипаж для танка — для новых игроков;\r\nслот в ангаре — для новых игроков;\r\n500 золота на аккаунт — для новых игроков.\r\nJUNE12RU — бонус-код для «Мира танков» в честь Дня России. Вводится только один раз на аккаунт и только для RUBY-региона. Действует до 31 декабря. Что даёт:\r\n\r\n2D-стиль «Триколор — Россия»;\r\n3 дня танкового премиум аккаунта;\r\n5 личных боевых задач на x5;\r\n6 декалей: «Медведь в прыжке»;\r\n6 эмблем: «Флаг России».\r\nMT4TELEGRAM — бонус-код для «Мира танков», ограниченный по времени. Вводится только один раз на аккаунт и только для RUBY-региона. Что даёт:\r\n\r\n50 золота.\r\nМатериалы по теме\r\n5 сильнейших танков в «Мире танков» на 7-м, 8-м и 10-м уровнях\r\n5 сильнейших танков в «Мире танков» на 7-м, 8-м и 10-м уровнях\r\nКак ещё можно получить бонусы бесплатно в «Мире танков»\r\nПолучить бонусы в виде бесплатного серебра, золота, бон и прочих расходников можно и без бонус-кодов. Если вы давно не заходили в «Мир танков», то знайте: с недавних пор в игре появился ежедневный табель-календарь.\r\n\r\nКак он работает:\r\n\r\nзаходите в календарь по этой ссылке каждый день;\r\nзабирайте по одной награде каждый день, просто кликнув на календарь;\r\nпосле этого зайдите в клиент игры, чтобы награда активировалась;\r\nВ день можно забрать только по одной награде. Обновление игрового дня происходит в 3:00 мск. Если вы забрали награду в календаре и не зашли в «Мир танков», то награда не активируется. Если вы пропустили день или несколько, то сможете забрать награды с того дня, на котором остановились.\r\n\r\nЕсли не пропускать дни, то за месяц можно получить:\r\n\r\n100 золота;\r\n100 бонов;\r\n25 000 серебра;\r\n1000 свободного опыта;\r\n3 личных резерва;\r\n7 предбоевых инструкций;\r\n5 единиц «малого» снаряжения;\r\n3 демонтажных набора.\r\nКак активировать бонус-коды в «Мире танков»\r\nАктивация бонус-кодов происходит двумя способами. Первый из них — это активация через лаунчер. Для начала скачайте лаунчер с официального сайта Lesta Games, если вы его никогда не устанавливали или удалили. Потом запустите его и войдите в свой аккаунт. Или зарегистрируйтесь. Нажмите на свой аватар с ником. Далее нужно прожать оранжевую кнопку с надписью: «Активировать код Lesta Games». После этого введите один из кодов.\r\n\r\nДля второго способа не нужно запускать лаунчер. Просто пройдите на официальный сайт Lesta Games. Там войдите в свой аккаунт. После чего скопируйте один из кодов и нажмите «Активировать код».', 'WOT', 5),
(31, '10 танков, которые стоит прокачать в «Мире танков» в 2023 году', '2023-08-15', 2, 'Тащить за вас они не будут, но выручат, если что.\r\nЗнание механик (куда пробивать, как танковать) и скилл — это лишь одна из составляющих успеха в такой онлайн-игре, как «Мир танков». Важно в том числе знать, какие танки нужно качать в первую очередь. Об этом сегодня и поговорим.\r\n\r\n60TP Lewandowskiego\r\nНация: Польша\r\nТип техники: тяжёлый танк\r\nХайп вокруг поляка поутих. В начале года его можно было встретить почти в каждом бою, но не сейчас. Нерфа никакого не было — возросла конкуренция (было улучшено немало машин) и танчик, видимо, уже поднадоел игрокам.\r\n\r\n\r\nХуже от этого поляк не стал. У него есть один яркий недостаток — слабое бронепробитие (250 мм) на базовом снаряде, из-за чего приходится часто подгружать кумулятивы. Зато среди плюсов — и шикарная лобовая броня, и большой запас прочности, и могучий разовый урон. Если знать уязвимые места танков, то поляк может стать незаменимым для городских локаций.\r\n\r\nSuper Conqueror\r\nНация: Великобритания\r\nТип техники: тяжёлый танк\r\nЕщё одним королём первой линии остаётся старенький, но до сих пор актуальный Super Conqueror. У британца не орудие, а лазерган — одна из лучших пушек в игре. Она пробивная, точная, быстро сводящаяся и скорострельная.\r\nУглы склонения орудия позволяют играть от башни, но только стоит раскрыть корпус… В общем, лучше этого не делать. Что касается динамики и скорости, то менять направление на Super Conqueror вы точно не сможете.\r\n\r\nVz. 55\r\nНация: Чехия\r\nТип техники: тяжёлый танк\r\nЧех — один из самых комфортных и сбалансированных тяжей, которого пока не трогают напильником. Даже странно, учитывая концепцию игры. Танк имеет хорошие углы склонения орудия, неплохую броню и скорость. Впрочем, его основная фишка не в этом. Vz. 55 — не цикличный, а барабанный танк. В магазине — два снаряда, наносящие по 490 урона.\r\n\r\nПерезарядка между выстрелами всего две секунды. За это время вы сможете влить во врага почти 1000 урона, если, конечно, его пробьёте. Ведь на базовом снаряде пробитие хоть и достойное, но на голде не очень. Пожалуй, это единственный недостаток чеха, который нивелируется хорошим знанием уязвимых зон.\r\n\r\nAMX M4 mle. 54\r\nНация: Франция\r\nТип техники: тяжёлый танк\r\nЗабавно, что ещё в начале этого года французский тяжёлый танк AMX M4 54 не рассматривался бы фаворитом. Да и в список рекомендованных танков для прокачки он бы наверняка не попал. Всё изменилось с выходом патча 1.18.\r\n\r\nИменно этот патч вдохнул во французские тяжи новую жизнь. AMX M4 54 заиграл новыми красками и на время захватил рандом. Неплохая лобовая броня, стабилизация и точность, а также крутой урон в 560 единиц при 10-секундной перезарядке — это именно то, что было необходимо топовой машине этой ветки. Единственное, с чем придётся смириться, так это со слабым бронепробитием. Подкопите серебра, прежде чем выкатывать AMX M4 54 в рандом.\r\n\r\nSTB-1\r\nНация: Япония\r\nТип техники: средний танк\r\nЯпонский средний танк — самый скорострельный на уровне. Но чтобы реализовать это преимущество, придётся играть осторожно. Брони, кроме башни, нет нигде, да и сама башня танкует далеко не всё и не всегда.\r\nЗа счёт осадного режима орудие склоняется аж на -10 градусов. Стабилизация и точность — на уровне. Пробития на базовом снаряде и годовом хватает. Перезарядка — 5 с половиной секунд при уроне в 360. Динамика и скорость — обалденные. Так что если остались одни на фланге, то всегда можно быстро собрать чемоданы и переехать на другой. Главное, берегитесь фугасов!\r\n\r\nProgetto M40 mod. 65\r\nНация: Италия\r\nТип техники: средний танк\r\nМакаронник обладает хорошей динамикой и пушкой с системой дозарядки. В магазине — четыре снаряда, но ориентироваться лучше на три, так как если выпустить все снаряды одновременно, то можно не успеть зарядиться заново. Соперник сможет чай заварить и бутерброды нарезать, пока вы заряжаетесь.Ещё из плюсов — хорошие углы вертикальной наводки, шикарная стабилизация и неплохая точность. А вот минус — это отсутствие брони, которую пробивают даже фугасами. Учитывайте это, когда будете лететь впереди тяжей.\r\n\r\nLeopard 1\r\nНация: Германия\r\nТип техники: средний танк\r\nСамое точное орудие на Диком За… То есть в игре «Мир танков». Скорость — на уровне лёгких танков, что позволяет нам занимать выгодные позиции первыми. Урон — 420. При этом перезаряжается танк быстро для такого урона.\r\n\r\nИ стабилизация, и маскировка, и углы склонения орудия, и тот же обзор — со всем этим набором полный порядок. Расплачиваться за комфорт в стрельбе и динамике приходится полным отсутствием брони и большими габаритами.\r\n\r\nCS-63\r\nНация: Польша\r\nТип техники: средний танк\r\nТочный, скорострельный, пробивной и с какой-никакой бронёй. Поляк ближе всего по концепции именно к немецким СТ, но с одной ярко выраженной особенностью. У CS-63 есть турборежим, который активируется за две секунды, если танк стоит на месте — он позволяет нам развить скорость до 70 км/ч.\r\nСобственно, турборежим для того и нужен, чтобы быстрее занимать позиции и менять фланги. Для стрельбы он не годится, так как увеличивается сведение и в разы ухудшается точность, но если грамотно чередовать его с обычным режимом, то всегда сможете быть на шаг впереди противника.\r\n\r\nОбъект 268/4\r\nНация: СССР\r\nТип техники: ПТ-САУ\r\nСтарый добрый «ОМОН» — Объект 268/4 немного поднадоел, но не потерял в эффективности. Король ПТ-САУ на 10-м уровне. Отличнейший танк, который компенсирует кривые руки и проблемы с выбором позиций на карте.\r\n\r\nControcarro 3 Minotauro\r\nНация: Италия\r\nТип техники: ПТ-САУ\r\nВ конце лета у Объекта 268/4 появился серьёзный конкурент. Итальянская ПТ-САУ Minotauro — это что-то с чем-то. При шикарной лобовой броне танк имеет приятное орудие с интересной механикой. Само орудие барабанное, в каждом барабане — по пять снарядов. Разовый урон с первого снаряда — 530 урона.\r\nНо это не обычный барабан. Все снаряды заряжаются в течение 21 секунды. В то время как перезарядка между выстрелами — восемь секунд. В результате получился эдакий симбиоз барабанного танка с цикличным. Неплохой, в общем-то, симбиоз.', 'WOT2', 5);
INSERT INTO `publications` (`id`, `title`, `createdOn`, `type`, `text`, `picture`, `gameId`) VALUES
(32, 'Фонтейн в «Геншине» — всё о новом регионе Genshin Impact в крупнейшем патче 4.0', '2023-08-15', 2, 'Глобальное обновление с контентом на сотни часов уже близко.\r\nЧерез месяц Genshin Impact получит одно из крупнейших обновлений в своей истории. Версия 4.0 добавит в игру пятый большой регион — Фонтейн, а также ряд новых персонажей и различные элементы геймплея.\r\n\r\nМы собрали всю известную информацию и слухи, чтобы вместе с вами попытаться понять, какие изменения и дополнения ждут Genshin Impact уже 16 августа.\r\n\r\n\r\nЧто важно, окружение будет выполнено в новом сеттинге — за основу нового региона взяли Англию и Францию, а стихией выступит вода. Поэтому поиск условных геокулов в Фонтейне не должен наскучить (по крайней мере, не так быстро, как фарм аналогичных элементов в Сумеру).\r\n\r\nБегать по новой локации с кучей контента всегда весело, особенно когда тебя награждают ещё и донатной валютой — для кого-то игровая область выглядит как источник примогемов для того, чтобы получить любимого персонажа.\r\n\r\n\r\nНовые механики в 4.0\r\nКаждый регион в Genshin Impact отличается не только визуалом и звуком. Студия HoYoverse пытается (и, надо сказать, выходит недурно) в полной мере выдерживать стилистику локации, добавляя уникальные виды загадок, врагов, перемещения и других элементов геймплея.\r\n\r\nНаиболее громким и ожидаемым будет подводный мир. Фонтейн расположен на архипелаге, и открытие подводного мира для игроков выглядит любопытным решением. Судя по первым кадрам, можно будет не просто нырять, а выискивать сокровища и сражаться с местными обитателями.\r\n\r\nО других сюрпризах, которые готовят разработчики, можно только догадываться. Вероятно, часть геймплея будет опираться на технологичность нового региона: в отличие от раннего Средневековья в Мондштадте или Инадзуме, тут в ходу уже механизмы и пистолеты.\r\n\r\nЭто можно использовать как в различных мини-играх и головоломках, которые нужны, только чтобы открыть сундук, так и в глобальном плане — мировых квестах, системе передвижения по региону или связи с окружением. Обычно фантазии авторов «Геншина» хватает на несколько таких ярких идей.\r\n\r\nРазвитие сюжета Genshin Impact\r\nВведение в игру Фонтейна также означает продолжение основной сюжетной ветки игры. История Люмин (или Итера, как кому нравится) продолжается в стране справедливости — поиски брата/сестры завели главного персонажа в регион, который живёт исключительно по законам, хоть и довольно странным.\r\n\r\nМестный бог Фурина — беззаботная и капризная персона, не пропускающая заседаний местного суда, чтобы как-то развлечь себя. Сможет ли главный герой исправить ещё одного Архонта или же на сей раз сценаристы удивят нас неоднозначной концовкой, способной вернуть старым игрокам интерес к главному квесту?\r\n\r\nНаряду с темой справедливости и её роли в обществе Фонтейна авторы в той или иной мере поднимут темы общего развития сюжета. Какие-то новости о пропаже родственника главного героя, происки группировки Фатуи (судя по трейлерам, немалую роль в будущем сыграет Арлекино).\r\n\r\nВ конце концов, тайны всего мира Genshin Impact, которые понемногу открываются в ходе основного квеста. Что есть Тейват, почему он выглядит так и какую роль в этом играет Селестия? Вряд ли мы узнаем об этом в 4.0, зато лороведы получат ещё пару крупиц информации для своих невероятных теорий.\r\n\r\nНовые персонажи «Геншина»\r\nДаже если сеттинг новой страны покажется кому-то неинтересным, ждать новой эры в Genshin Impact можно хотя бы ради героев и героинь — ведь многие полюбили игру именно благодаря ярким визуальным образам.\r\n\r\nВсегда есть возможность получить новых персонажей и принципиально закрывать контент вне Фонтейна: ивенты, элитные подземелья типа Бездны и так далее. Для большинства же игроков новички в баннерах станут приятным и важным дополнением.\r\n\r\nПонимая это, HoYoverse уже показали самых ярких жителей региона, которые с большой вероятностью станут играбельными в дальнейшем. На любой вкус: от сурового судьи Нёвиллета и таинственной Клоринды до милой малышки Сигвайн и семьи фокусников.\r\n\r\nНу и, разумеется, грозной Арлекино из Снежной — одного из самого ожидаемых героев в Genshin Impact.\r\n\r\nДа, далеко не все из показанных героев станут играбельными уже в августе, но это наверняка произойдёт до конца года — пока же мы сможем полюбоваться на них в ходе сюжета и отдельных квестов.\r\n\r\nЧто же касается 4.0, то там с большой долей вероятности появятся фокусники Лини и Линнет, а также их брат Фремине. Первые подробности разработчики уже представили — обычно это делают незадолго до релиза играбельных героев.\r\n\r\nИсправления и доработки\r\nПомимо глобальных обновлений, перед выходом версий с цифрой «0» после точки HoYoverse обычно вносит в игру серию незаметных, но важных «косметических» правок — вероятно, мы увидим это и сейчас.\r\n\r\nЭто особенно важно на фоне новых крутых фишек, которые удалось обкатать в новой Honkai: Star Rail. Некоторые эксперименты (например, многоуровневые карты для подземных локаций) показали себя отлично и теперь могут быть перенесены в «Геншин».\r\n\r\nВозможно, наряду с Фонтейном разработчики найдут время на старые элементы игры, теряющие актуальность. Рыбалка, карточная игра, постройка собственного дома в Чайнике безмятежности — амбициозные режимы, которые авторы незаслуженно забросили. Может, пришло время сменить подход?\r\n\r\nЭто же касается и контента в старых регионах. После полной зачистки Ли Юэ с Инадзумой превращаются в огромные пустые области с бесполезными боссами и лагерями врагов — найти что-то интересное становится просто невозможно. Теперь игроки надеются, что это как-то изменится.\r\n\r\nДата выхода 4.0 и другие подробности\r\nСогласно плану выпуска обновлений HoYoverse, версия 4.0 станет доступна 16 августа около 6:00 по мск. За пять часов до этого сервера игры будут закрыты на техработы. Сам апдейт можно будет предзагрузить за несколько дней до патча.\r\n\r\nА все подробности о Genshin Impact 4.0 разработчики традиционно представят в ходе прямой трансляции на Twitch и YouTube — стрим может пройти 4 или 5 августа. Там авторы «Геншина» расскажут всё о новых героях, локациях и игровых механиках, а также покажут промокоды и другие сюрпризы для игроков.', 'GENSHIN', 9),
(33, 'Лучшие четырёхзвёздочные персонажи в Genshin Impact', '2023-08-14', 2, 'Многие из них не затерялись бы и на уровне выше.\r\nЧетырёхзвёздочные персонажи в Genshin Impact более распространены среди игроков, так как получить их намного легче, чем пятизвёздочных. К счастью, игра не требует от игроков обязательного наличия в отряде сильнейших героев.\r\nНа самом деле многие четырёхзвёздочные персонажи работают даже лучше, чем некоторые герои с пятью звёздами, особенно на ролях поддержки. Перечислили десять самых эффективных персонажей с четырьмя звёздами в игре. Рейтинг составлен на основе как личного мнения, так и подобных топов от блогеров и игроков.\r\n\r\nБеннет\r\nБеннет занимает особое место в сердцах игроков. Это один из лучших саппортов в игре, который одновременно может и исцелять, и усиливать урон. Помимо всего прочего, Беннет один из наиболее часто используемых четырёхзвёздочных персонажей в испытании Spiral Abyss.\r\nЧто касается оружия, то вы можете наделить персонажа мечом с самой высокой базовой атакой или мечом с достаточной энергетической подпиткой. В этом плане Беннет совершенно не привередлив. А повысив его уровень до максимального, вы сможете уничтожать буквально всех на своём пути.\r\n\r\nСян Лин\r\nСян Лин появилась в игре ещё в лохматые времена, но не растеряла мощи. Она до сих популярна в различных сетапах и является одним из сильнейших Пиро-персонажей в игре. Её потенциал в применении пиротехнических средств огромен. А для лучшей эффективности её скиллов не требуется редкого оружия. Обычно Dragon\'s Bane или The Catch хватает для раскрытия её потенциала.\r\nОдна из причин, по которой Сян Лин остаётся актуальной по сей день, заключается в том, что она вызывает реакции без отката. Девушка наносит огромный урон «из кармана» и подпитывает отряд дополнительной силой.\r\n\r\nЕё взрывы стихий мощны и просты в освоении — Сян Лин может как сама накладывать Пиро-статус, так и выступать в роли основного дамагера в отряде. А ещё её очень просто получить: персонаж открывается бесплатно после достижения 20-го ранга приключений и прохождения третьего этажа Витой Бездны.\r\n\r\nСин Цю\r\nСин Цю находится в этом рейтинге по одной причине. Абсолютно никто в этой игре не может применять гидроудары так часто, как Син Цю. Именно эта особенность делает его одним из лучших. Он эффективен в поддержке пиро-дамагеров, таких как Ху Тао, он отлично саппортит электроюнитам, таким как Сайно, и он обладает простыми, но наносящими огромный урон навыками.\r\nУ Син Цю есть только два недостатка. Его навык в виде двойного удара мечом, наносящего противникам гидроурон, потребляет много энергии и имеет долгое время восстановления. Во-вторых, его взрыв требует 80 единиц энергии, что тоже много. Учитывая это, позаботьтесь о его энергетической подпитке заранее.\r\n\r\nСахароза\r\nОдин из лучших Анемо-саппортов в игре наравне с Венти, Джинн и Кадзухой. Застенчивая девушка-алхимик из Мондштадта обладает одним из сильнейших способов контроля врагов в Genshin Impact, одновременно обеспечивая отряд фантастическими улучшениями в мастерстве владения стихиями.Сахароза эффективна и в качестве саппорта, и в качестве второстепенного дамагера. Она может контролировать врагов при помощи своего вихря, стягивать их и отбрасывать. Но лучше всего Сахароза проявляет себя в роли саппорта — будучи в тени остальных персонажей, она способна усилить стихийный урон всей группе. Именно в такой роли ей не требуется много энергии.\r\n\r\nФишль\r\nСамопровозглашённая принцесса из другого мира и её верный спутник ворон Оз — незаменимы для персонажей, которым нужна постоянная подпитка энергией. Делая упор на электрозаряды, Фишль может обстреливать врагов шквалом стрел либо же уйти на роль электрической батарейки.Главное преимущество Фишль в том, что она умеет вызывать Оза в выбранном месте, поражая ближайших врагов молниями. А ещё она умеет производить заряженный выстрел в Оза, чтобы наносить огромный урон по площади.\r\n\r\nНа уровне созвездий C6 Фишль получает способность поддерживать ворона активным в течение значительной части боя. Это даёт ей огромное преимущество в перспективе, так как верный спутник способен генерировать много энергии и с лёгкостью запускать реакции, связанные с электричеством.\r\n\r\nКуки Синобу\r\nЕсли раньше Куки Синобу была не особо распространённым персонажем с противоречивыми механиками, по большей части из-за ограниченной популярности элемента Электро, то с выходом дендро электроперсонажи сильно преобразились, и Куки Синобу заиграла новыми красками.Куки очень хороша в роли электроцелительницы, а её способность вызывать обострение и гиперцветение незаменима для многих отрядов с упором на дендро. Она способна не только выдерживать саморазрушение, вызываемое Гиперблумом, но и надёжно прикрывать тыл дамагерам. Там, где используются Бутонизация, Цветение и Вегетация, там всегда есть Куки. Игроки используют персонажа в отрядах, когда проходят Spiral Abyss, в 39% случаев.', 'GENSHIN2', 9),
(34, 'Грядет DayZ 2? Microsoft упомянула в документах за 2021 год разработку DayZ 2', '2023-08-14', 2, 'В конфиденциальной документации компании Microsoft за прошедший год обнаружено упоминание разработки DayZ 2. Согласно доступной информации, студия Bohemia Interactive на тот момент активно занималась созданием второй части популярной игры DayZ, а также работала над разработкой Arma 4 и Arma Reforged. На данный момент официального подтверждения о выходе DayZ 2 не поступало. Однако первая часть игры продолжает активно поддерживаться разработчиками.\r\n', 'DAYZ', 15),
(35, 'Unknown Worlds работает над новой игрой во вселенной Subnautica.', '2023-08-14', 2, 'Мы узнали, что Unknown Worlds работает над новой частью Subnautica.\r\n\r\nТакой вывод можно сделать из свежих объявлений о вакансиях. Такие предложения традиционно являются очень хорошим источником информации о неанонсированных проектах.\r\nСтудия ищет человека на должность старшего дизайнера сюжетов для работы над «новой игрой во вселенной Subnautica».\r\nНа данный момент мы не знаем, когда игра дебютирует на рынке или даже когда о ней будет объявлено.\r\nНапомним, Subnautica дебютировала в раннем доступе в декабре 2014 года, а в январе 2018 года вышла версия 1.0. Помимо ПК, игра также вышла на консолях Xbox One, PlayStation 4 и Nintendo Switch.\r\n\r\nСледующим шагом в развитии бренда стало Subnautica: Below Zero, отдельное дополнение, которое вышло в раннем доступе в 2019 году, а через два года мы получили полноценный релиз.\r\n\r\nSubnautica продолжает оставаться очень популярной. В самый жаркий момент прошлой недели в игру в Steam одновременно играли почти 4000 пользователей. Это впечатляющий результат, если принять во внимание тот факт, что проект предлагает только одиночный режим.\r\n\r\nБолее того, в Steam 97% отзывов пользователей за последние 30 дней являются положительными, что можно отнести к категории чрезвычайно положительных. Таким образом, следующая часть серии, несомненно, будет встречена с большим интересом.', 'SUB', 13),
(36, 'От Арианы Гранде и Джона Уика до Мстителей: кто бывал в Fortnite', '2023-08-14', 2, 'Гостей в шутере было настолько много, что королевская битва теперь больше напоминает солянку из разных франшиз!\r\nИзначально Fortnite была свежим взглядом на жанр tower-defence. Игрокам нужно было строить оборонительные сооружения, собирать ресурсы и сражаться против орды мертвецов. Позже она неожиданно превратилась в успешную королевскую битву, которая уже больше четырёх лет у всех на слуху. Такой успех не могли игнорировать киностудии, издательства комиксов и производители одежды. Мы решили вспомнить историю ключевых коллабораций в Fortnite. Некоторые из них даже подарили миру уникальные игровые режимы.\r\n\r\nДостаточно одного щелчка («Мстители: Война бесконечности»)\r\nНа дворе май 2018 года. Гик-сообщество бурно обсуждает премьеру «Мстителей: Война бесконечности», который дал мощную затравку для финальной конфронтации между командой супергероев и Таносом. Через некоторое время в Fortnite внезапно появляется режим «Перчатка бесконечности».\r\n\r\nИдея коллаборации пришла режиссёрам картины Джо и Энтони Руссо, которые в перерывах между съёмками частенько проводили время в игре. Именно они написали креативному директору Epic Games с предложением сотрудничества.\r\nЭто стандартная королевская битва, но с одним условием: на карту приземляется метеорит с заветным артефактом, который превращает игрока в именитого злодея. Танос не может подбирать оружие, строить, открывать двери и восстанавливать здоровье. Всё это компенсировалось 4 способностями, среди которых мощный отталкивающий удар, высокий прыжок, испепеляющий луч и возможность создать ударную волну при приземлении.\r\nКонцерт на локации «Приятный Парк» (Диджей Marshmello)\r\nСледующий крупный ивент прошёл в феврале 2019 года. Концерт Showtime проводил известный музыкант Marshmello. Всего за выступление прозвучало восемь композиций, общее время которых составило 10 минут. Каждая запускала на танцполе разные эффекты вроде отсутствия гравитации или возможности бесконечного полёта. Во время одной песни под ногами у игроков и вовсе появились специальные батуты.\r\n\r\nФанаты также могли приобрести облик музыканта и другие тематические предметы в магазине. Как позже рассказала Epic Games, за концертом в самой «Королевской битве» наблюдало порядка 10,7 млн человек.\r\n\r\nМстители, к бою! («Мстители: Финал»)\r\nСупергеройская франшиза вновь вернулась в Fortnite, но уже аккурат к выходу заключительной части — «Мстители: Финал». Помимо новых обликов Звёздного лорда и Чёрной вдовы, в шутере стартовал временный режим.Игроков теперь делили на две команды: одна из их представляла последователей Мстителей, а другая — Читаури, армию Таноса. Задача первых: уничтожить противников 150 раз, а затем и самого Таноса. Цель приспешников злодея: найти все Камни бесконечности для победы над супергероями. В этом режиме можно было пострелять из лука Соколиного глаза и пульсиров Железного человека, а также метнуть в недругов гром-секиру Тора или щит Капитана Америки.\r\n\r\nВесь второй эпизод четвёртого сезона в дальнейшем был посвящён вселенной Marvel. Пользователи могли получить каноничные облики персонажей комиксов и поучаствовать в схватке с Галактусом в конце события.\r\n\r\nЕго называют Баба Яга («Джон Уик»)\r\nВ честь выхода «Джона Уика 3» Epic Games вместе с кинокомпанией Lionsgate добавила именитого наёмника и его помощницу Софию в королевскую битву. Вместе с появлением тематического образа и предметов в шутере также стартовал ивент, посвящённый киновселенной — «Награда за голову». Игроки делятся на отряды, которым за матч нужно собрать определённое число золотых монет: их можно найти на карте или вынуть из карманов поверженных противников.\r\n\r\nВ поисках хранилища и Тёмного рыцаря (Borderlands и DC Comics)\r\n27 августа 2019 года в честь скорого выхода Borderlands 3 в Fortnite появилась новая местность «Разлом Пандоры». Тематическое событие разработчики проводить не стали, однако спрятали на локации множество секретов и бесплатных испытаний. К тому же в этой области ко всему применялся сел-шейдинг, а щиты восстанавливались сами по себе (как и в серии игр Borderlands).\r\n\r\nСледом открылся другой разлом в локации «Наклонный город». Там появился кусочек Готэма, где можно было бесконечно запускать глайдер для пролета над декорациями. Во внутриигровой магазин добавили экипировку Бэтмена и Женщины-кошки. В дальнейшем в шутере дебютируют и другие персонажи из вселенной DC: Флэш, Аквамен, Джокер, Ядовитый плющ и другие.\r\n\r\n\r\n\r\n', 'FORTNITEPERS', 7),
(37, 'Сливы фортнайт v25.30 — Все скины и новые наборы', '2023-08-15', 2, 'Патч 25.30 – финальное обновление 3 сезона 4 главы. Игрокам оно подарило не только скины, но и новые предметы. И если обо всем в куче вы можете узнать в последнем видео на канале, то о скинах мы сейчас отдельно поговорим.\r\nЭкипировок появилась целая куча: из аниме “Магическая битва”, из WWE и по мотивам самого фортнайта.\r\nКоллаборацию с аниме “Магическая битва” нам обещали уже две недели назад, и ожидания сполна оправдались, ведь помимо самих скинов в игре появился турнир, предметы и отдельный мини-боевой пропуск под названием “Избавьтесь от проклятия!”. Вы не поверите, но купив этот мини-пропуск за 1000 В-баксов, вы получите скин Юдзи Итадори в форме школы магии и кучу других наград. Узнать подробнее о пропуске можно в игре.\r\n\r\nЭкипировки получили следующие герои аниме: Юдзи Итадори, Мегуми Фусигуро, Нобара Кугисаки, а также Сатору Годзё. У каждого есть свой рюкзак, навеянный событиями в аниме. И у некоторых скинов есть второй стиль.\r\nЭкипировки получили следующие герои аниме: Юдзи Итадори, Мегуми Фусигуро, Нобара Кугисаки, а также Сатору Годзё. У каждого есть свой рюкзак, навеянный событиями в аниме. И у некоторых скинов есть второй стиль.\r\n\r\nДругие скины в сливах следующие: девушка с цветными прядями Harmony Lee, женский скин Oleander, олицетворяющий какого-то паука, и робот Haxsaur.\r\n\r\nПоследний скин – это стартер пак следующего сезона.\r\n\r\nТакже датамайнеры поделились изображениями двух рестлеров, которые скоро появятся в игре: Бьянка Блэр и Бекки Линч.\r\n\r\nАксессуары, как обычно, присутствуют, но не являются чем-то первостепенным, хотя фанаты Магической битвы наверняка поспорили бы.\r\n\r\nВот и все, что удалось найти в этом обновлении.', 'FORTNITE', 7),
(38, 'Лучшие автомобили в GTA Online — какую машину лучше купить', '2023-08-14', 2, 'В GTA Online огромное количество автомобилей, и с каждым обновлением их становится всё больше и больше. Цены на эти машины тоже не маленькие, и чтобы не ошибиться с выбором хорошего автомобиля и не потерять свои честно (или не очень) заработанные деньги, мы подготовили для вас данное руководство!\r\n\r\nЭтот гайд так же поможет вам выбрать хороший автомобиль для участия в гонках. Мы разберем самые быстрые и лучшие автомобили в GTA Online в 2020 году.\r\n\r\nВ нашем руководстве мы будем libertycity.ru/go/?https://www.youtube.com/channel/UCcZ3sRk9z6jjgfYQbMGTpigссылаться на Адама Броу — этот человек занимается тестированием абсолютно всех выходящих в GTA Online автомобилей и с помощью математических вычислений определяет время круга и максимальную скорость каждого автомобиля.\r\n\r\nАвтомобили в GTA Online, помимо максимальной скорости, имеют и другие немаловажные показатели: управляемость, ускорение. Эти данные влияют на эффективность автомобиля в гонках, поэтому для выбора конкурентоспособного в гоночных состязаниях автомобиля важно также учитывать и их тоже.\r\n\r\nКроме того, Rockstar постоянно добавляет новые автомобили в GTA Online. Поэтому мы будем постоянно обновлять этот список по мере выхода новых автомобилей.\r\n\r\n\r\nСамые быстрые автомобили в GTA Online по времени круга\r\nЭто рейтинг самых быстрых машин в GTA Online для гоночных соревнований. Время круга взято из специально разработанного Адамом Броу тестового гоночного трека.\r\n\r\nProgen Emerus — 0 минут 57.823 секунд\r\nBenefactor Krieger — 0 минут 57.858 секунд\r\nAnnis S80RR — 0 минут 58.726 секунд\r\nDewbauchee Vagner — 0 минут 59.194 секунд\r\nTruffade Thrax — 0 минут 59.261 секунд\r\n\r\nКраткий экскурс в историю: долгое время Pegassi Zentorno был лучшей машиной для гонок в GTA Online, но теперь он даже не входит в пятерку лучших по времени прохождения круга. Постепенно в игру было добавлено много более быстрых машин, и на сегодняшний день Progen Emerus является лучшей из них.\r\n\r\n\r\n\r\nСамые быстрые автомобили в GTA Online по максимальной скорости:\r\n\r\nPfister 811 — 132.5 mph / 213.3 kmh\r\nPrincipe Deveste Eight — 131.8 mph / 212 kmh\r\nBravado Banshee 900R — 131 mph / 210.8 kmh\r\nOverflod Entity XXR — 128 mph / 206 kmh\r\nGrotti X80 Proto — 127.5 mph / 205.3 kmh\r\n\r\nОбратите внимание, что рейтинги автомобилей с наибольшей скоростью и автомобилей с лучшим временем прохождения круга не совпадают. Это связано с тем, что с точки зрения управляемости, ускорения и других факторов самые быстрые автомобили слишком сложны в управлении и не могут делать резких поворотов. Несмотря на то, что Dewbauchee Vagner входит в пятерку лучших по времени круга, важно отметить, что по максимальной скорости автомобиль занял бы шестое место, достигнув 126,75 миль в час.\r\n\r\n\r\nВес и управляемость\r\nСтоит сказать, что Адам Броу — очень опытный водитель в GTA Online, и что тесты проводились в среде, где тестируемая машина была единственной на трассе. Когда вы участвуете в реальной гонке, вы должны учитывать свои умения и мастерство других игроков. Поэтому мы считаем важным выделить еще два фактора.\r\n\r\nВес не влияет на скорость или время круга в GTA Online, но он влияет на то, как машина поведет себя при столкновении. Более тяжелый автомобиль пострадает, соответственно, меньше. Ocelot XA-21 и Överflöd — это непоколебимые тяжеловесы, превышающие 1000 килограммов, в то время как легкие автомобили, такие как Annis RE-7B, будут выбиваться из-под контроля при малейшем столкновении. Что касается управляемости, Autarch снова побеждает — новичкам ею легко управлять.\r\n\r\n\r\nЛучший автомобиль в GTA Online\r\nПришло время выбрать самый лучший автомобиль в GTA Online в 2022 году. Сделать это довольно непросто, так как как один автомобиль может считаться лучшим по одному из показателей, но значительно уступать по другим факторам.\r\n\r\nНа момент написания статьи лучшим гоночным автомобилем в GTA Online является Progen Emerus.\r\n\r\nБыть хорошим водителем — ключ к успеху в любом гонке, но с этим автомобилем ваши шансы выиграть в гонке многократно возрастут. Однако придется хорошо раскошелиться, ведь автомобиль стоит $2,750,000, и мы не берем в расчет стоимость его полного тюнинга.', 'GTACAR', 10),
(39, 'Ограбления в GTA Online', '2023-08-15', 2, 'Ограбления были добавлены в Grand Theft Auto Online в качестве основной части обновления Heists, вышедшего в марте прошлого года. Если судить по основной структуре, то ограбление по сети схожи с теми, которые есть в сюжетном режиме Grand Theft Auto 5 (они включают в себя несколько подготовительных заданий, подавая в качестве кульминации всех усилий профессиональное финальное преступление). Разница в том, что ограбление по сети выбирает один человек (которого обычно называют Лидером Ограбления), он же финансирует подготовительную часть и он же решает, каким образом будет распределяться добыча между игроками-участниками.\r\n\r\n\r\nПрохождение ограблений GTA Online Heists\r\n\r\nОграбление The Fleeca Job\r\nПобег из тюрьмы\r\nНалет на Human Labs\r\nСерия А — финансирование\r\nОграбление Pacific Standard\r\nСписок всех ограблений\r\n\r\n\r\nОдно из главных условий: все игроки должны быть 12 уровня или выше, и должны владеть недвижимостью высокого уровня, в которой есть комната для планирования ограблений. Как только игрок достигнет упомянутого уровня и приобретет соответствующие апартаменты, Лестер свяжется с ним при помощи текстового сообщения, а следом и позвонит, разъяснив основную концепцию ограблений в игре. Лестер предложит встретится на фабрике, где и начнется первое обучающее ограбление под названием Ограбление Fleeca (The Fleeca Job). В целях небольшой тренировки Лестер покроет все расходы на задание и выступит в качестве лидера ограбления.\r\nВ его выполнении нет ничего сложного. Закончив первое ограбление, Лестер представит игроку дополнительного персонажа, который возьмет на себя роль информатора и будет подкидывать новое ограбление по мере того, как оно станет доступным. После этого момента игроки сами могут становиться лидерами, выбирая задание по душе. Но каждое последующее ограбление требует все больших денежных влияний, и открываются они в строгом порядке.\r\n\r\nНекоторая часть этих средств пойдет в качестве награды всем игрокам за выполнение подготовительных заданий. Кроме лидера – он вынужден вести команду к победе над коммерцией самостоятельно и получит прибыль только в случае успешного исхода ограбления. Помимо лидера обязательно участвуют еще четыре человека, и у них не получится начать подготовительные миссии без полной команды.\r\n\r\nНекоторые задания требуют слаженной работы всех игроков в качестве одной команды, некоторые наоборот, разделяют задачи между игроками (один угоняет транспорт, второй взламывает систему охраны и т.д.), некоторые же разделяет игроков на два группы, вынужденные выживать сами по себе. Всего в Grand Theft Auto Online пять ограблений, каждое может похвастаться своим собственным набором подготовительных заданий. Но в отличии он обычных заданий в игре, доход с ограблений попадает на счет игрока во внутриигровом банке, а не напрямую ему в карман.\r\n\r\nДавайте взглянем на каждое из них с точки зрения доходности:\r\n\r\n\r\nОграбление Fleeca (The Fleeca Job)\r\n\r\nКоличество игроков: 2\r\nНачальные затраты: $11,500\r\nМаксимальный доход (легко): $57,500\r\nМаксимальный доход (средне): $115,000\r\nМаксимальныый доход (сложно): $143,750\r\nПрохождение ограбления →\r\n\r\n\r\nПобег из тюрьмы (The Prison Break)\r\n\r\nКоличество игроков: 4\r\nНачальные затраты: $40,000\r\nМаксимальный доход (легко): $200,000\r\nМаксимальный доход (средне): $400,000\r\nМаксимальныый доход (сложно): $500,000\r\nПрохождение ограбления →\r\n\r\n\r\nНалет на Humane Labs (The Humane Labs Raid)\r\n\r\nКоличество игроков: 4\r\nНачальные затраты: $54,000\r\nМаксимальный доход (легко): $270,000\r\nМаксимальный доход (средне): $540,000\r\nМаксимальныый доход (сложно): $675,000\r\nПрохождение ограбления →\r\n\r\n\r\nСерия А – Финансирование (Series A Funding)\r\nКоличество игроков: 4\r\nНачальные затраты: $40,400\r\nМаксимальный доход (легко): $202,000\r\nМаксимальный доход (средне): $404,000\r\nМаксимальныый доход (сложно): $505,000\r\nПрохождение ограбления →\r\n\r\n\r\nОграбление Pacific Standard (The Pacific Standard Job)\r\n\r\nКоличество игроков: 4\r\nНачальные затраты: $100,000\r\nМаксимальный доход (легко): $500,000\r\nМаксимальный доход (средне): $1,000,000\r\nМаксимальныый доход (сложно): $1,250,000\r\nПрохождение ограбления →\r\n\r\n\r\n\r\nЗаметьте, что только в последнем ограблении финальный куш может уменьшаться по мере поступления повреждений игрокам, в результате он практически всегда меньше указанного в таблице. Во всех других случаях игроки получают фиксированную сумму плюс некоторые особые бонусы.\r\n\r\nОни налагают определенные ограничения, но выполнив, например, особо сложное, можно получить значительный прирост к финальному доходу:\r\n\r\nВыполнить каждое ограбление по разу: 100 000 $\r\nВыполнить все ограбления в условленном порядке: 1 000 000 $ (All in Order Challenge).\r\nВыполнить все ограбления в условленном порядке с одной командой: 1 000 000 $ (Loyalty Challenge).\r\nВыполнить все ограбления в условленном порядке с одной командой ни разу не умерев: 10 000 000 $ (Criminal Mastermind Challenge)\r\nВсе этим бонусные награды можно получить лишь раз на каждый аккаунт – то есть если на аккаунте несколько персонажей, фокус не пройдет. Посмотреть за прогрессом можно в меню паузы в игре.\r\nКроме этого, в каждом ограблении в Grand Theft Auto Online есть набор бонусных условий, вроде ограничения по времени или дополнительных заданий. Если выполнить все эти условия в одном ограблении, то игроки получат дополнительные 100 000 $. Если выполнить все пять ограблений таким образом, то можно получить эксклюзивную футболку, которая является отсылкой к той, что в свое время давали Grand Theft Auto Vice City за полное прохождение игры.\r\n\r\nА вот и список условий:\r\n\r\nОграбление Fleeca\r\n\r\nУложиться по времени в 5:20\r\nНикого не убили\r\nТранспорт не получил более 6% повреждений\r\nПобег из тюрьмы\r\n\r\nРашковский не получил ранений\r\nПопасть в точку эвакуации за 4:40\r\nНикого не убили\r\n\r\n\r\nНалет на Humane Labs\r\n\r\nУложиться по времени в 11:00\r\nТранспорт не получи более 2% повреждений\r\nНикого не убили\r\n\r\n\r\nСерия А – Финансирование\r\n\r\nУложиться по времени в 6:30\r\nУбить 75 врагов\r\nНикого не убили\r\nОграбление Pacific Standard\r\n\r\nУложиться по времени в 10:15\r\nНе вызывать NOOSE\r\nНикого не убили', 'GTA', 10),
(40, 'Apex Legends против PUBG, Fortnite и CoD:BO4', '2023-08-14', 2, '4 февраля 2019 года состоялся анонс и релиз Apex Legends — «королевской битвы» от Respawn Entertainment. За первые сутки в игру зашло 2,5 миллиона уникальных пользователей. И это число продолжает расти. «Канобу» разбирается, так ли хороша новая игра от Respawn, и в чем ее сходство и различие с устоявшимися лидерами этого жанра.\r\n\r\nНедавний квартальный отчет EA показал, что Battlefield V не оправдала ожиданий. По словам представителей компании, фокус на сюжетном режиме был ошибкой, и в игре на релизе остро не хватило «королевской битвы». Теперь вся надежда на Apex Legends и Anthem. Пока вторая борется с техническими проблемами и вязким стартом, «легенды» в первый же день собирают огромную аудиторию. Пик одновременных игроков составил 600 тысяч человек. Отличный результат и его достигли без уловок маркетологов.\r\n\r\nApex Legends — это «королевская битва» во вселенной Titanfall. И, в отличие от основой игровой ветки, местные персонажи здесь — не пилоты, и по стенам бегать не умеют, да и набор способностей у них строго ограничен.\r\n\r\nВ игре есть 8 персонажей, два десятка стволов и ураганный геймплей.\r\n\r\nУ всех персонажей есть три умения: техническое, пассивное и специальное. Техническое можно использовать регулярно — у этого умения низкое время перезарядки и локальный эффект. Пассивное срабатывает автоматически при определенных обстоятельствах. Специальное умение похоже на ультимейт из Dota 2 или героическую способность из Overwatch. Заряжается долго, бьет больно, влияет на исход боя сильно.\r\nПерсонажи — отличительная особенность игры. Ни в PUBG, ни в Fortnite, ни в других популярных «королевских битвах» такого нет. Собирая группу из троих, можно придумать разные комбинации из способностей и протестировать их на поле боя.\r\n\r\nКроме того, можно подобрать героя под стать себе. Нравятся открытые перестрелки? Огромный «Гибралтар» при стрельбе укрывается щитом и станет крепким орешком для противника. Хочется поиграть в кошки-мышки? Пожалуйста, есть «Рэйф» с телепортом и перемещением в подпространство.\r\nУ Apex Legends есть тренировочный режим на релизе. В том же PUBG, например, тренировочный полигон появился только спустя два года.\r\n\r\nТренировку можно запустить в любой момент, а на полигоне есть пространство для пробежек и тир со всем видом оружия. Жаль только, что доступен один персонаж, но это нельзя назвать минусом.\r\n\r\nА вот что можно причислить к минусам, так это отсутствие углубленного курса. В обучении научат стрелять и скользить по склонам, но премудрости использования обвеса для оружия, расходников и работу с инвентарем придется осваивать в полевых условиях.\r\nЕще один сюрприз скрыт в очень комфортной коммуникации и совместной работе. В Apex Legends реализована потрясающая в своей простоте и удобстве система меток. Нажатием на колесико мыши можно отметить точку на карте, оружие или боеприпасы, а при двойном нажатии будет помечен противник. Если колесико зажать — откроется меню, в котором доступно еще несколько обозначений.\r\n\r\nУчитывая, что игрокам приходится высаживаться в группе из троих человек, возможность найти общий язык без слов очень радует. Кроме того, для ориентирования на местности, кроме меток, доступен и компас, так что навыки «стрелять по азимуту» из PUBG не нужно откладывать в долгий ящик.\r\n\r\nДля комфорта сделана не только коммуникация. Например, по умолчанию высадка происходит сразу всей группой, которую ведет один игрок. По желанию можно улететь в отдаленные домики самому, но смысла в этом не так уж много. Карта в «легендах» очень компактная, прятаться не имеет смысла. В игре даже нет возможности лечь, так что надеяться на «стелс» в траве не выйдет.\r\n\r\nВ рюкзак влезает пара пачек с патронами, аптечка и несколько гранат. Сам инвентарь не сегментирован — при желании можно «обмазываться» боеприпасами к пулемету и устраивать свинцовый дождь. В этом аспекте «легенды» похожи на Fortnite.\r\n\r\nНа увеличение скорости игры работает и система респауна. В отличие от PUBG и Fortnite, в Apex Legends можно не только поднять упавшего товарища, но и вернуть его из мертвых. Для этого придется использовать одну из станций возрождения, разбросанных по всей карте. Они работают не моментально — с момента начала использования до непосредственной высадки персонажа проходит почти 20 секунд.\r\n\r\nЭта уникальная механика побуждает играть агрессивнее. В конечном счете, какая разница, переживет ли персонаж перестрелку? Главное — выживание команды, а потерянного бойца можно вернуть в строй.\r\nApex Legends — бесплатна. Монетизация осуществляется за счет продажи лутбоксов, обликов для персонажей, раскрасок для оружия, а также других элементов кастомизации.\r\n\r\nНастроить можно буквально все: баннер персонажа, отображаемую статистику и значки, добивания, позы и другое.\r\n\r\nВсе, что можно купить за деньги, носит исключительно косметический характер, никакого pay to win.\r\n\r\nЕсть в Apex Legends и сезонные боевые пропуски. Сезон длится около трех месяцев и за это время игроки с пропуском успеют открыть около 100 предметов, при этом выпадение дубликатов невозможно.', 'APEX', 1),
(41, 'Подробный Разбор Легенды | Лоба Андраде', '2023-08-14', 2, 'Приветствуем Вас в новом выпуске нашей самой нерегулярной рубрики, легенды!\r\n\r\nПо вашим заявкам, спустя некоторое время после выхода персонажа (читайте: «спустя целый сезон»), после довольно длительного и тщательного сбора информации, мы, наконец, готовы поделиться с Вами выпуском подробного разбора самой элегантной воровки Внешних Земель — Лобы Андраде!\r\nБиография\r\nЛоба Андраде родилась в семье двух отпетых воров, «действующих по схеме Бонни и Клайда». Аланза и Маркус Андраде воспитывали свою дочь, как подлежало богатейшим мошенникам фронтира, подтверждение тому — письмо Аланзы, матери Лобы, которое первая написала ещё во время беременности.\r\nБыть может, Аланза и Маркус Андраде хотели нормальной жизни для своей дочери, но, как бы то ни было, во время одной из семейных встреч, родителей маленькой волчицы убил наёмный убийца Ревенант. Предположительно, его нанял человек, которому перешёл дорогу Маркус Андраде, отец Лобы. По крайней мере, такое предположение можно сделать из комментария к заказу.\r\n\r\nДля маленькой Лобы тот день стал роковым — новость об убийстве одного из главных криминальных авторитетов Фронтира разлетелась уже в следующие 24 часа. Однако трагедию попытались стереть из истории — маленькую сиротку приютила богатая семья, а затем — ещё одна, и ещё одна…\r\n\r\nЛоба чувствовала себя не в своей тарелке. Постоянная смена приёмных семей лишь усугубляла ситуацию.\r\nСо временем, Лоба Андраде поняла, что воровство у неё в крови. Она начала воровать, при чём, по словам сценариста Апекс, Тома Касиелло, всё началось с того, что она своровала у одной из своих приёмных матерей очень красивый браслет, который она носит на руке по сей день.\r\n\r\nСо временем, Лоба достигла небывалых высот: всем жителям Внешних Земель стало известно, что если тебе нужно что-то достать, достаточно просто обратиться к Лобе Андраде.\r\nОднажды она узнала в одном из участников игр Апекс чудовище, убившее её родителей. И тогда у неё появилась мотивация принять участие в этом кровавом спорте…\r\nК слову, Лобу неоднократно пытались поймать, о чём нам говорят твитты Тома Касиелло. Вот только Лоба настолько хороша в своём деле, что поймать её почти невозможно, как и доказать её причастность к преступлениям. Однако, на деле, все знают, что самые крупные воровские схемы принадлежат именно подпольной знаменитости Лобе Андраде.', 'APEXLOBA', 1),
(42, 'Рыбалка в игре Rust — как ловить рыбу', '2023-08-14', 2, 'Поклонники Rust знают, что первоочередная задача в игре – накормить персонажа. По этой же причине в игре rust появилась рыбалка. Если не утолить голод, вскоре герой умрёт от истощения. Это повлечёт за собой возрождение на пляже или в домике, и то, если успели построить собственное жилище. Чтобы персонаж хорошо чувствовал себя и был активен, его нужно накормить.\r\n\r\nС релизом обновления, которое добавило подводные лаборатории и подводные лодки rust, в игре появился новый тип пищи – рыба. Ниже мы более подробно остановимся на рыбалке, а именно, приманке, снастях и видах морских обитателей.\r\n\r\nВиды рыб в Rust и рыбалка\r\nТеперь каждый желающий может отправиться на рыбалку в rust, чтобы насладиться ловлей и добычей. Не забывайте, что разделка живности принесёт различные предметы.\r\nАтлантический большеголов и сом\r\nАтлантический большеголов обитает в подводных лабораториях, а сом – болотах и реках. Подводные обитатели плавают на разной глубине, но понадобится минимум пятый уровень приманки. После разделки появляется шанс получить сигнальную шашку, жир, кости, синюю карточку доступа и другие предметы.\r\n\r\nСельдь, анчоус и сардина\r\nПоймать сардину, анчоус и сельдь сумеет даже неопытный рыболов. Всё потому, что вам не понадобится редкая приманка или особые навыки. С другой стороны, эти три представителя подводного мира отличаются только внешним видом и вещами за разделку:\r\n\r\nСельдь – обломок костей, животный жир;\r\nАнчоус – животный жир и 2 обломка кости;\r\nСардина – 5 штук животного жира, обломок кости.\r\nНе забывайте, что рыба водится в разных локациях, в независимости от глубины и местоположения.\r\n\r\nМалая форель и жёлтый окунь\r\nПохвастаться маленькой форелью или жёлтым окунем немного сложнее, нежели предыдущими типами рыб. Для поимки понадобится минимум третий уровень наживки. Форель можно встретить рядом с подводными лабораториями и в океане. А вот окунь обитает в болоте и реке. Касаемо разделки, форель принесёт – 5 обломков костей, 4 сырые рыбёшки и 8 штук животного жира. Окунь ценится немного больше – 9 животного жира, 6 фрагментов костей и 5 сырых тушек.\r\n\r\nЛосось и маленькая акула\r\nАкула водится в океане, а также их можно встретить рядом с подводными лабораториями. Частенько они охраняют ценную добычу. Поэтому их присутствие говорит о близком местонахождении редких предметов.\r\n\r\nЛосось же обитает в небольших водоёмах. Не забывайте, что эти представили морского мира плавают на глубине не менее 4.5 метра. Перед тем как отправиться на акулу или лосося, убедитесь, что взяли приманку минимум пятого уровня. Если разделать живность, появится шанс получить металлолом, ткань, карту доступа, патроны, жир и многое другое.\r\n\r\nНа что можно ловить\r\nУ каждого морского обитателя свои предпочтения, относительно приманки. Однако разработчики решили не заморачиваться, а сделать в качестве наживки обыкновенную еду. Так что можете использовать хоть хлеб или червей, колбасу. Однако не забывайте, что у каждого предмета есть уровень, который влияет на успех рыбной ловли. К примеру, для гарантированной поимки лосося и маленькой акулы понадобится 10 уровень наживки. Хотя профессиональные рыболовы умудряются словить акулу и на пятый уровень приманки.\r\nГде обитают морские жители\r\nМестообитания конкретной живности зависит от её типа. Одних можно найти в водоёмах, а других в океанах и вблизи подводных лабораторий. Однако не забывайте, что морские обитатели, которые плавают рядом с лабораториями поймать не так просто. Всё потому, что необходимо забрасывать приманку в то же место, где оставили подводную лодку.\r\n\r\nКак создать удочку rust\r\nУ каждого игрока самодельная удочка изучена по умолчанию. Поэтому её может создать даже начинающий пользователь. Примечательно то, что даже не понадобится верстак для создания инструмента для рыбной ловли. Всё что необходимо – 2 верёвки и 200 единиц древесины. После этого придёт время разжиться наживкой.\r\n\r\nКак пользоваться удочкой в rust рыбалка\r\nЧтобы приступить к рыбалке, сперва нужно закрепить наживку. Сделать это также просто, как установить модификатор на оружие. После этого останется подобрать подходящее место для заброса наживки – правая кнопка мыши, а вот левая отвечает за сам бросок. Теперь необходимо подождать, пока кто-нибудь клюнет.\r\n\r\nНе забывайте, что после заброса нельзя менять активный предмет и уводить камеру далеко от наживки. Иначе высока вероятность потерять приманку, что приведёт к тому, что придётся начинать заново.\r\n\r\nКак только рыба клюнет, останется вымотать её при помощи виляний. Если, к примеру, окунь или акула плывут в правую сторону, достаточно увести удочку в левую. Также не стоит забывать, что леска может в любой момент порваться. Чтобы этого не произошло, необходимо ослабить леску при помощи клавиш WASD.\r\n\r\nКакие предметы можно получить за разборку удочки\r\nЕсли вам надоест рыбалка в rust, в любой момент можно разобрать удочку и получить половину ресурсов, которые были затрачены на создание – 1 верёвка и 100 единиц древесины. Однако на рыбной ловле удастся заработать гораздо больше, а именно, на разделывании живности. В зависимости от редкости плавающего животного, вы сможете получить металлолом, ткань, карту доступа и другие ценные предметы.\r\n\r\nСекрет для начинающих\r\nПойманную живность совсем необязательно разделывать. Её также удастся продать в рыбацкой деревушке. Достаточно отыскать торговый автомат, чтобы обменять ненужных морских обитателей на металлолом. Поэтому опытные игроки и ловят недалеко от деревни, ведь можно быстро совершить обмен и получить метал.\r\nКак получить удочку через консоль\r\nЕсли у вас есть права администратора, удастся легко получить удочку через консоль. Необходимо перейти в категорию «TOOL» или ввести одну из консольных команд – «Inventory.giveto» или «Inventory.give». После этого получится забрать предмет себе или же подарить его кому-нибудь. Касаемо ID вещи – 1569882109.\r\n\r\nВывод, что такое «рыбалка в Rust»\r\nРыбалка в rust помогает разбавить игровой процесс, но понравится далеко не всем игрокам. В рыбной ловле хоть и нет ничего сложного, всё равно придётся позаботиться про наживку и найти подходящее место, где обитает редкая живность. В целом, рыбная ловля создана не только для развлечения. Даже на ранних или поздних этапах игры вы всё равно будете нуждаться в еде. Теперь же достаточно легко раздобыть пищу, а также металлолом за обмен рыбы в рыбацкой деревушке.', 'RUST', 6),
(43, '', '2023-08-15', 4, '', 'cosplayfeed4', 8),
(44, '', '2023-08-14', 4, '', 'cosplayfeed5', 3),
(45, '', '2023-08-14', 4, '', 'cosplayfeed6', 3),
(46, '', '2023-08-15', 4, '', 'cosplayfeed7', 3),
(47, '', '2023-08-15', 4, '', 'cosplayfeed8', 3),
(48, '', '2023-08-15', 4, '', 'cosplayfeed9', 1),
(49, '', '2023-08-15', 3, '', 'mem4', 9),
(50, '', '2023-08-15', 3, '', 'mem5', 6),
(51, '', '2023-08-15', 3, '', 'mem6', 16),
(52, '', '2023-08-15', 3, '', 'mem7', 8),
(53, '', '2023-08-15', 3, '', 'mem8', 2),
(54, '', '2023-08-15', 3, '', 'mem9', 3);

-- --------------------------------------------------------

--
-- Структура таблицы `users`
--

CREATE TABLE `users` (
  `id` int(11) NOT NULL,
  `login` varchar(32) COLLATE utf8mb4_unicode_ci NOT NULL,
  `tel` varchar(11) COLLATE utf8mb4_unicode_ci NOT NULL,
  `email` varchar(32) COLLATE utf8mb4_unicode_ci NOT NULL,
  `name` varchar(32) COLLATE utf8mb4_unicode_ci DEFAULT NULL,
  `password` varchar(100) COLLATE utf8mb4_unicode_ci NOT NULL
) ENGINE=InnoDB DEFAULT CHARSET=utf8mb4 COLLATE=utf8mb4_unicode_ci;

--
-- Дамп данных таблицы `users`
--

INSERT INTO `users` (`id`, `login`, `tel`, `email`, `name`, `password`) VALUES
(20, 'Villy6', '88005552333', 'Villy6@mail.ru', 'Вилли', '$2y$10$dO1OAJau3nZ0hiYTkG1Aiuw8fBs7laNo95wQRkBkeKTF09sAWJNO2'),
(21, 'Kuzya', '88007776777', 'kuzya@mail.ru', 'Кузя', '$2y$10$ncfXrMnR2kbhUnKV3mNPQ.s1rmBraZG8fXnGi8bQB99cOcNsxLzqq'),
(23, 'Villy7', '88005553245', 'Villy8@mail.ru', 'Вилли', '$2y$10$GO1ZzRD65gWiy3W0nUO.4ev8uP9ZABLRahGzEEKoJQa15P25zdQO2');

--
-- Индексы сохранённых таблиц
--

--
-- Индексы таблицы `comments`
--
ALTER TABLE `comments`
  ADD PRIMARY KEY (`id`),
  ADD KEY `publcationId` (`publicationId`),
  ADD KEY `userId` (`userId`);

--
-- Индексы таблицы `feedback`
--
ALTER TABLE `feedback`
  ADD PRIMARY KEY (`id`);

--
-- Индексы таблицы `games`
--
ALTER TABLE `games`
  ADD PRIMARY KEY (`id`);

--
-- Индексы таблицы `publications`
--
ALTER TABLE `publications`
  ADD PRIMARY KEY (`id`),
  ADD KEY `gameId` (`gameId`);

--
-- Индексы таблицы `users`
--
ALTER TABLE `users`
  ADD PRIMARY KEY (`id`),
  ADD UNIQUE KEY `login` (`login`),
  ADD UNIQUE KEY `tel` (`tel`),
  ADD UNIQUE KEY `email` (`email`);

--
-- AUTO_INCREMENT для сохранённых таблиц
--

--
-- AUTO_INCREMENT для таблицы `comments`
--
ALTER TABLE `comments`
  MODIFY `id` int(11) NOT NULL AUTO_INCREMENT, AUTO_INCREMENT=64;

--
-- AUTO_INCREMENT для таблицы `feedback`
--
ALTER TABLE `feedback`
  MODIFY `id` int(11) NOT NULL AUTO_INCREMENT, AUTO_INCREMENT=7;

--
-- AUTO_INCREMENT для таблицы `games`
--
ALTER TABLE `games`
  MODIFY `id` int(11) NOT NULL AUTO_INCREMENT, AUTO_INCREMENT=20;

--
-- AUTO_INCREMENT для таблицы `publications`
--
ALTER TABLE `publications`
  MODIFY `id` int(11) NOT NULL AUTO_INCREMENT, AUTO_INCREMENT=55;

--
-- AUTO_INCREMENT для таблицы `users`
--
ALTER TABLE `users`
  MODIFY `id` int(11) NOT NULL AUTO_INCREMENT, AUTO_INCREMENT=24;

--
-- Ограничения внешнего ключа сохраненных таблиц
--

--
-- Ограничения внешнего ключа таблицы `comments`
--
ALTER TABLE `comments`
  ADD CONSTRAINT `comments_ibfk_1` FOREIGN KEY (`publicationId`) REFERENCES `publications` (`id`),
  ADD CONSTRAINT `comments_ibfk_2` FOREIGN KEY (`userId`) REFERENCES `users` (`id`);

--
-- Ограничения внешнего ключа таблицы `publications`
--
ALTER TABLE `publications`
  ADD CONSTRAINT `publications_ibfk_1` FOREIGN KEY (`gameId`) REFERENCES `games` (`id`);
COMMIT;

/*!40101 SET CHARACTER_SET_CLIENT=@OLD_CHARACTER_SET_CLIENT */;
/*!40101 SET CHARACTER_SET_RESULTS=@OLD_CHARACTER_SET_RESULTS */;
/*!40101 SET COLLATION_CONNECTION=@OLD_COLLATION_CONNECTION */;
